"","Round","Site","Date","Depth..m.","Temp..C.","DO..","DO..mg.L.","Specific.Conductivity..uS.cm.","pH..SU.","Turbidity..NTU.","X","X.1","X.2","X.3","X.4","X.5"
"1",1,1,"6/27/2022",0.5,13.1,NA,NA,115.9,7.97,5.5,NA,"",NA,NA,NA,NA
"2",1,1,"6/27/2022",1,13,NA,NA,116.1,7.9,5.3,NA,"",NA,NA,NA,NA
"3",1,1,"6/27/2022",1.5,12.8,NA,NA,116,7.86,4.9,NA,"",NA,NA,NA,NA
"4",1,1,"6/27/2022",2,12.5,NA,NA,116,8.84,4.6,NA,"",NA,NA,NA,NA
"5",1,1,"6/27/2022",2.5,12.3,NA,NA,115.8,7.82,4.4,NA,"",NA,NA,NA,NA
"6",1,1,"6/27/2022",3,12.2,NA,NA,115.6,7.78,4.4,NA,"",NA,NA,NA,NA
"7",1,1,"6/27/2022",3.5,12.1,NA,NA,115.6,7.75,4.4,NA,"",NA,NA,NA,NA
"8",1,1,"6/27/2022",4,12,NA,NA,115.6,7.74,4.5,NA,"",NA,NA,NA,NA
"9",1,1,"6/27/2022",4.5,11.9,NA,NA,115.3,7.73,4.5,NA,"",NA,NA,NA,NA
"10",1,1,"6/27/2022",5,11.8,NA,NA,114.7,7.74,4.3,NA,"",NA,NA,NA,NA
"11",1,2,"6/27/2022",0.5,15.1,NA,NA,112.1,8.05,5.5,NA,"",NA,NA,NA,NA
"12",1,2,"6/27/2022",1,14.3,NA,NA,112.5,8,5.3,NA,"",NA,NA,NA,NA
"13",1,2,"6/27/2022",1.5,13.8,NA,NA,112.2,7.97,5.6,NA,"",NA,NA,NA,NA
"14",1,2,"6/27/2022",2,13.3,NA,NA,112,7.95,7.4,NA,"",NA,NA,NA,NA
"15",1,2,"6/27/2022",2.5,13.2,NA,NA,112.2,7.93,9.5,NA,"",NA,NA,NA,NA
"16",1,2,"6/27/2022",3,13.1,NA,NA,110.2,7.92,8.3,NA,"",NA,NA,NA,NA
"17",1,2,"6/27/2022",3.5,13,NA,NA,111.6,7.87,8.2,NA,"",NA,NA,NA,NA
"18",1,2,"6/27/2022",4,13,NA,NA,111.5,7.84,8,NA,"",NA,NA,NA,NA
"19",1,2,"6/27/2022",4.5,13,NA,NA,111.5,7.83,7.8,NA,"",NA,NA,NA,NA
"20",1,2,"6/27/2022",5,13,NA,NA,111.3,7.81,7.1,NA,"",NA,NA,NA,NA
"21",1,2,"6/27/2022",6,13,NA,NA,111.1,7.8,5.8,NA,"",NA,NA,NA,NA
"22",1,2,"6/27/2022",7,12.9,NA,NA,110.7,7.79,4,NA,"",NA,NA,NA,NA
"23",1,2,"6/27/2022",8,12.6,NA,NA,110.5,7.76,8.6,NA,"",NA,NA,NA,NA
"24",1,3,"6/27/2022",0.5,14.4,NA,NA,110,8.06,4.7,NA,"",NA,NA,NA,NA
"25",1,3,"6/27/2022",1,14.3,NA,NA,111.7,8.02,9.4,NA,"",NA,NA,NA,NA
"26",1,3,"6/27/2022",1.5,14.1,NA,NA,112.8,7.99,12.3,NA,"",NA,NA,NA,NA
"27",1,3,"6/27/2022",2,14,NA,NA,112.4,7.97,10.7,NA,"",NA,NA,NA,NA
"28",1,3,"6/27/2022",2.5,13.9,NA,NA,113.1,8.12,17.2,NA,"",NA,NA,NA,NA
"29",1,3,"6/27/2022",3,NA,NA,NA,NA,NA,NA,NA,"",NA,NA,NA,NA
"30",1,3,"6/27/2022",NA,NA,NA,NA,NA,NA,NA,NA,"",NA,NA,NA,NA
"31",1,4,"6/27/2022",0.5,13.8,NA,NA,110.5,8.14,7,NA,"",NA,NA,NA,NA
"32",1,4,"6/27/2022",1,13.7,NA,NA,110.8,8,8.4,NA,"",NA,NA,NA,NA
"33",1,4,"6/27/2022",1.5,13.5,NA,NA,111.1,8.07,10.1,NA,"",NA,NA,NA,NA
"34",1,4,"6/27/2022",2,13.3,NA,NA,111,8.01,10.9,NA,"",NA,NA,NA,NA
"35",1,4,"6/27/2022",2.5,13.2,NA,NA,111,7.97,12.3,NA,"",NA,NA,NA,NA
"36",1,4,"6/27/2022",3,13.2,NA,NA,111.1,7.93,15.6,NA,"",NA,NA,NA,NA
"37",1,4,"6/27/2022",3.5,13.2,NA,NA,111.8,7.91,28.9,NA,"",NA,NA,NA,NA
"38",1,4,"6/27/2022",4,13.2,NA,NA,113.3,7.93,30.9,NA,"",NA,NA,NA,NA
"39",1,4,"6/27/2022",4.5,13.2,NA,NA,113.4,7.9,28.2,NA,"",NA,NA,NA,NA
"40",1,4,"6/27/2022",5,13.1,NA,NA,113.5,7.39,13.8,NA,"",NA,NA,NA,NA
"41",1,5,"6/27/2022",0.5,13.3,NA,NA,111.5,8.21,16,NA,"",NA,NA,NA,NA
"42",1,5,"6/27/2022",1,13.7,NA,NA,112.5,8.1,33.2,NA,"",NA,NA,NA,NA
"43",1,5,"6/27/2022",1.5,13.2,NA,NA,112.5,8.792,27.7,NA,"",NA,NA,NA,NA
"44",1,5,"6/27/2022",2,13.3,NA,NA,113.4,7.84,40,NA,"",NA,NA,NA,NA
"45",1,5,"6/27/2022",NA,NA,NA,NA,NA,NA,NA,NA,"",NA,NA,NA,NA
"46",1,6,"6/27/2022",0.5,13.7,NA,NA,110.4,8.19,12.7,NA,"",NA,NA,NA,NA
"47",1,6,"6/27/2022",1,13.6,NA,NA,110.6,8.1,11,NA,"",NA,NA,NA,NA
"48",1,6,"6/27/2022",1.5,13.4,NA,NA,110.1,7.95,9.7,NA,"",NA,NA,NA,NA
"49",1,6,"6/27/2022",2,13.4,NA,NA,110,7.9,8.8,NA,"",NA,NA,NA,NA
"50",1,6,"6/27/2022",2.5,13.3,NA,NA,109.7,7.87,9.2,NA,"",NA,NA,NA,NA
"51",1,6,"6/27/2022",3,13.1,NA,NA,109.8,7.83,11.8,NA,"",NA,NA,NA,NA
"52",1,6,"6/27/2022",3.5,13.2,NA,NA,110.1,7.79,26,NA,"",NA,NA,NA,NA
"53",1,7,"6/29/2022",0.5,13.8,NA,NA,116.5,7.47,54.1,NA,"",NA,NA,NA,NA
"54",1,7,"6/29/2022",1,13.7,NA,NA,112.2,7.32,21.8,NA,"",NA,NA,NA,NA
"55",1,7,"6/29/2022",1.5,13.3,NA,NA,110.9,7.26,17.6,NA,"",NA,NA,NA,NA
"56",1,7,"6/29/2022",2,13.3,NA,NA,110.8,7.22,14.4,NA,"",NA,NA,NA,NA
"57",1,7,"6/29/2022",2.5,13.1,NA,NA,110,7.19,12.2,NA,"",NA,NA,NA,NA
"58",1,8,"6/29/2022",0.5,14,102.4,10.38,110.8,5.02,9.3,NA,"Grey boxes indicate inaccurate pH readings due to sonde reading pH 4 and 10 calibration standards, rather than 7. ",NA,NA,NA,NA
"59",1,8,"6/29/2022",1,14,102.7,10.41,110.9,4.95,9.6,NA,"",NA,NA,NA,NA
"60",1,8,"6/29/2022",1.5,13.9,102.6,10.41,110.9,4.85,9.6,NA,"",NA,NA,NA,NA
"61",1,8,"6/29/2022",2,13.9,102.5,10.41,110.9,4.81,8.9,NA,"",NA,NA,NA,NA
"62",1,8,"6/29/2022",2.5,13.7,102.5,10.44,110.5,4.76,8.1,NA,"",NA,NA,NA,NA
"63",1,8,"6/29/2022",3,13.6,102.4,10.48,110,4.74,7,NA,"",NA,NA,NA,NA
"64",1,8,"6/29/2022",3.5,13.2,102.3,10.55,109.5,4.72,6.4,NA,"",NA,NA,NA,NA
"65",1,8,"6/29/2022",4,13.1,102.3,10.58,109.3,4.68,5.6,NA,"",NA,NA,NA,NA
"66",1,8,"6/29/2022",4.5,13,102.6,10.62,109.1,4.67,5.5,NA,"",NA,NA,NA,NA
"67",1,8,"6/29/2022",5,13,102.6,10.63,109.2,4.65,5.8,NA,"",NA,NA,NA,NA
"68",1,8,"6/29/2022",6,13,102.4,10.6,109.2,4.62,7,NA,"",NA,NA,NA,NA
"69",1,9,"6/29/2022",0.5,14,NA,NA,110.3,5.2,4.5,NA,"",NA,NA,NA,NA
"70",1,9,"6/29/2022",1,14,NA,NA,109.2,5.07,4.6,NA,"",NA,NA,NA,NA
"71",1,9,"6/29/2022",1.5,13.9,NA,NA,109.2,5,4.6,NA,"",NA,NA,NA,NA
"72",1,9,"6/29/2022",2,13.8,NA,NA,109,4.93,4.7,NA,"",NA,NA,NA,NA
"73",1,9,"6/29/2022",2.5,13.6,NA,NA,108.8,4.88,4.9,NA,"",NA,NA,NA,NA
"74",1,9,"6/29/2022",3,13.2,NA,NA,108.4,4.86,4.3,NA,"",NA,NA,NA,NA
"75",1,9,"6/29/2022",3.5,13,NA,NA,108.1,4.83,4.2,NA,"",NA,NA,NA,NA
"76",1,9,"6/29/2022",4,12.9,NA,NA,108.1,4.81,4.2,NA,"",NA,NA,NA,NA
"77",1,9,"6/29/2022",4.5,12.8,NA,NA,108,4.79,4.2,NA,"",NA,NA,NA,NA
"78",1,9,"6/29/2022",5,12.7,NA,NA,108,4.77,4.8,NA,"",NA,NA,NA,NA
"79",1,9,"6/29/2022",6,12.7,NA,NA,108,4.76,6.9,NA,"",NA,NA,NA,NA
"80",1,10,"6/29/2022",NA,NA,NA,NA,NA,NA,NA,NA,"",NA,NA,NA,NA
"81",1,11,"6/29/2022",0.5,13.4,NA,NA,107.9,5.14,3.8,NA,"",NA,NA,NA,NA
"82",1,11,"6/29/2022",1,13.2,NA,NA,107.8,5.1,3.6,NA,"",NA,NA,NA,NA
"83",1,11,"6/29/2022",1.5,13,NA,NA,107.8,5.05,3.6,NA,"",NA,NA,NA,NA
"84",1,11,"6/29/2022",2,12.9,NA,NA,107.7,4.92,3.7,NA,"",NA,NA,NA,NA
"85",1,11,"6/29/2022",2.5,12.8,NA,NA,107.7,4.92,3.6,NA,"",NA,NA,NA,NA
"86",1,11,"6/29/2022",3,12.7,NA,NA,107.6,4.9,3.6,NA,"",NA,NA,NA,NA
"87",1,11,"6/29/2022",3.5,12.6,NA,NA,107.5,4.87,3.6,NA,"",NA,NA,NA,NA
"88",1,11,"6/29/2022",4,12.5,NA,NA,107.5,4.83,3.7,NA,"",NA,NA,NA,NA
"89",1,11,"6/29/2022",4.5,12.5,NA,NA,107.5,4.81,3.7,NA,"",NA,NA,NA,NA
"90",1,11,"6/29/2022",5,12.5,NA,NA,107.5,4.8,3.6,NA,"",NA,NA,NA,NA
"91",1,11,"6/29/2022",6,12.4,NA,NA,107.5,4.79,3.6,NA,"",NA,NA,NA,NA
"92",1,11,"6/29/2022",7,12.4,NA,NA,107.4,4.78,3.6,NA,"",NA,NA,NA,NA
"93",1,11,"6/29/2022",8,12.1,NA,NA,107.2,4.77,3.5,NA,"",NA,NA,NA,NA
"94",1,11,"6/29/2022",9,12.1,NA,NA,107.1,7.76,3.5,NA,"",NA,NA,NA,NA
"95",1,12,"6/29/2022",0.5,13.3,NA,NA,108,5.16,3.5,NA,"",NA,NA,NA,NA
"96",1,12,"6/29/2022",1,13.4,NA,NA,108,4.99,3.5,NA,"",NA,NA,NA,NA
"97",1,12,"6/29/2022",1.5,12.9,NA,NA,107.8,4.96,3.4,NA,"",NA,NA,NA,NA
"98",1,12,"6/29/2022",2,12.6,NA,NA,107.5,4.94,3.4,NA,"",NA,NA,NA,NA
"99",1,12,"6/29/2022",2.5,12.5,NA,NA,107.4,4.91,3.4,NA,"",NA,NA,NA,NA
"100",1,12,"6/29/2022",3,12.5,NA,NA,107.3,4.89,3.4,NA,"",NA,NA,NA,NA
"101",1,12,"6/29/2022",3.5,12.4,NA,NA,107.3,4.86,3.4,NA,"",NA,NA,NA,NA
"102",1,12,"6/29/2022",4,12.4,NA,NA,107.3,4.84,3.5,NA,"",NA,NA,NA,NA
"103",1,12,"6/29/2022",4.5,12.4,NA,NA,107.3,4.83,3.4,NA,"",NA,NA,NA,NA
"104",1,12,"6/29/2022",5,12.4,NA,NA,107.3,4.83,3.5,NA,"",NA,NA,NA,NA
"105",1,12,"6/29/2022",6,12.4,NA,NA,107.3,4.82,5.1,NA,"",NA,NA,NA,NA
"106",1,13,"6/29/2022",0.5,12.7,NA,NA,105.2,5.17,2.1,NA,"",NA,NA,NA,NA
"107",1,13,"6/29/2022",1,12.8,NA,NA,105.1,5.11,2.1,NA,"",NA,NA,NA,NA
"108",1,13,"6/29/2022",1.5,12.7,NA,NA,105,5.03,2.1,NA,"",NA,NA,NA,NA
"109",1,13,"6/29/2022",2,12.7,NA,NA,105,4.99,2.1,NA,"",NA,NA,NA,NA
"110",1,13,"6/29/2022",2.5,12.7,NA,NA,105,4.94,2,NA,"",NA,NA,NA,NA
"111",1,13,"6/29/2022",3,12.6,NA,NA,105,4.91,2.1,NA,"",NA,NA,NA,NA
"112",1,13,"6/29/2022",3.5,12.5,NA,NA,105,4.89,2.8,NA,"",NA,NA,NA,NA
"113",1,13,"6/29/2022",4,12.1,NA,NA,104.9,4.89,6,NA,"",NA,NA,NA,NA
"114",1,13,"6/29/2022",4.5,12,NA,NA,104.8,4.9,6.31,NA,"",NA,NA,NA,NA
"115",1,14,"6/29/2022",0.5,13.3,106,10.9,105.7,5.1,2.4,NA,"",NA,NA,NA,NA
"116",1,14,"6/29/2022",1,13.3,107.7,11.08,105.7,5.03,2.5,NA,"",NA,NA,NA,NA
"117",1,14,"6/29/2022",1.5,13.3,108.1,11.13,105.7,4.98,2.4,NA,"",NA,NA,NA,NA
"118",1,14,"6/29/2022",2,13.2,108.2,11.15,105.7,4.93,2.4,NA,"",NA,NA,NA,NA
"119",1,14,"6/29/2022",2.5,13.1,108.3,11.18,105.8,4.9,2.5,NA,"",NA,NA,NA,NA
"120",1,14,"6/29/2022",3,12.9,108.1,11.22,105.7,4.89,2.6,NA,"",NA,NA,NA,NA
"121",1,14,"6/29/2022",3.5,12.4,107.7,11.3,105.4,4.87,2.5,NA,"",NA,NA,NA,NA
"122",1,14,"6/29/2022",4,12.3,108,11.36,105.3,4.86,2.6,NA,"",NA,NA,NA,NA
"123",1,14,"6/29/2022",4.5,12.2,107.9,11.35,105.3,4.85,2.6,NA,"",NA,NA,NA,NA
"124",1,14,"6/29/2022",5,12.1,107.5,11.34,105.5,4.84,2.7,NA,"",NA,NA,NA,NA
"125",1,14,"6/29/2022",6,12,107.2,11.33,105.4,4.82,2.7,NA,"",NA,NA,NA,NA
"126",1,14,"6/29/2022",7,11.9,106.9,11.32,105.3,4.81,2.6,NA,"",NA,NA,NA,NA
"127",1,14,"6/29/2022",8,11.7,105.7,11.27,105.5,4.8,2.8,NA,"",NA,NA,NA,NA
"128",1,15,"6/29/2022",NA,NA,NA,NA,NA,NA,NA,NA,"",NA,NA,NA,NA
"129",2,1,"7/12/2022",0.5,15.1,116.9,12,111,5.38,2,NA,"",NA,NA,NA,NA
"130",2,1,"7/12/2022",1,14.7,122.2,12.06,111.1,5.28,2.1,NA,"",NA,NA,NA,NA
"131",2,1,"7/12/2022",1.5,14.1,121.3,12.13,110.7,5.23,2.2,NA,"",NA,NA,NA,NA
"132",2,1,"7/12/2022",2,13.9,120.9,12.15,110.7,5.18,2.2,NA,"",NA,NA,NA,NA
"133",2,1,"7/12/2022",2.5,13.7,120.4,12.13,110.7,5.13,2.2,NA,"",NA,NA,NA,NA
"134",2,1,"7/12/2022",3,13.7,120,12.1,110.7,5.1,2.2,NA,"",NA,NA,NA,NA
"135",2,1,"7/12/2022",3.5,13.6,119.7,12.08,110.7,5.08,2.3,NA,"",NA,NA,NA,NA
"136",2,1,"7/12/2022",4,13.6,119.5,12.06,110.6,5.06,2.2,NA,"",NA,NA,NA,NA
"137",2,1,"7/12/2022",4.5,13.6,119.3,12.05,110.6,5.04,2.2,NA,"",NA,NA,NA,NA
"138",2,1,"7/12/2022",5,13.6,119.2,12.04,110.5,5.03,2.2,NA,"",NA,NA,NA,NA
"139",2,1,"7/12/2022",6,13.6,118.8,12.02,110.5,5.01,3,NA,"",NA,NA,NA,NA
"140",2,2,"7/12/2022",0.5,15.6,120.8,11.78,113.7,5.28,11.6,NA,"",NA,NA,NA,NA
"141",2,2,"7/12/2022",1,15,119.3,11.77,112.2,5.18,4.6,NA,"",NA,NA,NA,NA
"142",2,2,"7/12/2022",1.5,14.1,119.3,11.93,111.5,5.13,3.4,NA,"",NA,NA,NA,NA
"143",2,2,"7/12/2022",2,13.9,119.1,11.95,111.5,5.08,3.3,NA,"",NA,NA,NA,NA
"144",2,2,"7/12/2022",2.5,13.8,118.7,11.94,111.3,5.05,3.2,NA,"",NA,NA,NA,NA
"145",2,2,"7/12/2022",3,13.8,118.6,11.94,111.2,5.02,3.3,NA,"",NA,NA,NA,NA
"146",2,2,"7/12/2022",3.5,13.7,118.7,11.95,111.2,5.01,3.1,NA,"",NA,NA,NA,NA
"147",2,2,"7/12/2022",4,13.7,118.4,11.94,111.3,4.99,3.3,NA,"",NA,NA,NA,NA
"148",2,2,"7/12/2022",4.5,13.7,118.3,11.92,111.4,4.97,3.4,NA,"",NA,NA,NA,NA
"149",2,3,"7/12/2022",0.5,16.5,118.9,11.38,115,5.22,8.4,NA,"",NA,NA,NA,NA
"150",2,3,"7/12/2022",1,16.4,120.6,11.56,115.2,5.17,9.8,NA,"",NA,NA,NA,NA
"151",2,3,"7/12/2022",1.5,15.4,119.3,11.62,114.4,5.14,7.4,NA,"",NA,NA,NA,NA
"152",2,3,"7/12/2022",2,14.8,119.4,11.76,114.1,5.12,6.4,NA,"",NA,NA,NA,NA
"153",2,3,"7/12/2022",2.5,14.7,119,11.74,114,5.1,6.1,NA,"",NA,NA,NA,NA
"154",2,3,"7/12/2022",3,14.6,118.4,11.69,113.9,5.07,6,NA,"",NA,NA,NA,NA
"155",2,3,"7/12/2022",3.5,14.6,118.2,11.67,114,5.05,6.2,NA,"",NA,NA,NA,NA
"156",2,3,"7/12/2022",4,14.6,117.9,11.65,114.1,5.05,6.5,NA,"",NA,NA,NA,NA
"157",2,4,"7/12/2022",0.5,15.7,117.4,11.52,112.4,5.32,4.2,NA,"",NA,NA,NA,NA
"158",2,4,"7/12/2022",1,15.1,120.1,11.8,112.1,5.24,4.1,NA,"",NA,NA,NA,NA
"159",2,4,"7/12/2022",1.5,14.7,120.4,11.88,111.9,5.16,4,NA,"",NA,NA,NA,NA
"160",2,4,"7/12/2022",2,14.4,119.7,11.87,111.6,5.13,4,NA,"",NA,NA,NA,NA
"161",2,4,"7/12/2022",2.5,14.4,119.2,11.84,111.5,5.09,4.1,NA,"",NA,NA,NA,NA
"162",2,4,"7/12/2022",3,14.3,118.9,11.82,111.5,5.08,4.1,NA,"",NA,NA,NA,NA
"163",2,4,"7/12/2022",3.5,14.3,118.8,11.81,111.4,5.05,4,NA,"",NA,NA,NA,NA
"164",2,4,"7/12/2022",4,14.3,118.8,11.8,111.4,5.03,4,NA,"",NA,NA,NA,NA
"165",2,4,"7/12/2022",4.5,14.3,118.4,11.79,111.4,5.01,4,NA,"",NA,NA,NA,NA
"166",2,4,"7/12/2022",5,14.2,118.4,11.84,111.4,5,4,NA,"",NA,NA,NA,NA
"167",2,4,"7/12/2022",6,14.2,118.4,11.8,111.3,4.99,4.1,NA,"",NA,NA,NA,NA
"168",2,4,"7/12/2022",7,14.2,118.4,11.8,111.3,4.99,4,NA,"",NA,NA,NA,NA
"169",2,5,"7/12/2022",0.5,15,116.1,11.47,110.6,5.2,5,NA,"",NA,NA,NA,NA
"170",2,5,"7/12/2022",1,14.8,119.3,11.78,110.6,5.15,5.6,NA,"",NA,NA,NA,NA
"171",2,5,"7/12/2022",1.5,14.5,119,11.82,110.6,5.11,5.9,NA,"",NA,NA,NA,NA
"172",2,5,"7/12/2022",2,14.2,118.9,11.84,110.5,5.08,6.1,NA,"",NA,NA,NA,NA
"173",2,5,"7/12/2022",2.5,14.1,118.6,11.83,110.5,5.06,6.2,NA,"",NA,NA,NA,NA
"174",2,5,"7/12/2022",3,14.1,118.1,11.81,110.6,5.05,6.8,NA,"",NA,NA,NA,NA
"175",2,5,"7/12/2022",3.5,14.1,117.9,11.79,110.6,5.04,7.1,NA,"",NA,NA,NA,NA
"176",2,5,"7/12/2022",4,14.1,117.8,11.78,110.6,5.02,7.1,NA,"",NA,NA,NA,NA
"177",2,5,"7/12/2022",4.5,14.1,117.7,11.77,110.7,5.01,7.2,NA,"",NA,NA,NA,NA
"178",2,5,"7/12/2022",5,14,117.6,11.76,110.7,5.01,7.3,NA,"",NA,NA,NA,NA
"179",2,6,"7/12/2022",0.5,14.5,120.1,11.91,109,5.27,3.5,NA,"",NA,NA,NA,NA
"180",2,6,"7/12/2022",1,14.4,119.7,11.93,108.9,5.16,3.6,NA,"",NA,NA,NA,NA
"181",2,6,"7/12/2022",1.5,14.1,119.6,11.97,108.9,5.11,3.6,NA,"",NA,NA,NA,NA
"182",2,6,"7/12/2022",2,14,119.5,11.98,108.9,5.08,3.7,NA,"",NA,NA,NA,NA
"183",2,6,"7/12/2022",2.5,13.9,119.5,11.99,108.9,5.07,3.6,NA,"",NA,NA,NA,NA
"184",2,6,"7/12/2022",3,13.9,119.2,11.97,108.9,5.05,3.7,NA,"",NA,NA,NA,NA
"185",2,6,"7/12/2022",3.5,13.9,119.2,11.97,109,5.04,4.1,NA,"",NA,NA,NA,NA
"186",2,6,"7/12/2022",4,13.8,118.9,11.94,109.1,5.03,4.3,NA,"",NA,NA,NA,NA
"187",2,6,"7/12/2022",4.5,13.8,118.5,11.92,109.2,5.02,4.3,NA,"",NA,NA,NA,NA
"188",2,6,"7/12/2022",5,13.8,118.4,11.91,109.2,5.01,4.4,NA,"",NA,NA,NA,NA
"189",2,6,"7/12/2022",6,13.8,118.4,11.9,109.2,5.01,4.4,NA,"",NA,NA,NA,NA
"190",2,7,"7/12/2022",0.5,14.7,117,NA,112.3,5.25,6,NA,"",NA,NA,NA,NA
"191",2,7,"7/12/2022",1,14.7,117.5,NA,112.4,5.21,5.8,NA,"",NA,NA,NA,NA
"192",2,7,"7/12/2022",1.5,14.6,117.5,NA,112.1,5.14,6.1,NA,"",NA,NA,NA,NA
"193",2,7,"7/12/2022",2,14.5,117.7,NA,112.1,5.1,6.1,NA,"",NA,NA,NA,NA
"194",2,7,"7/12/2022",2.5,14.4,117.7,NA,111.9,5.08,6.3,NA,"",NA,NA,NA,NA
"195",2,7,"7/12/2022",3,14.4,117.8,NA,111.7,5.05,6.5,NA,"",NA,NA,NA,NA
"196",2,7,"7/12/2022",3.5,14.3,117.7,NA,111.4,5.03,6.9,NA,"",NA,NA,NA,NA
"197",2,7,"7/12/2022",4,14.2,117.9,NA,111.4,5.02,7,NA,"",NA,NA,NA,NA
"198",2,8,"7/12/2022",0.5,13,117.9,NA,107.8,5.12,4.6,NA,"",NA,NA,NA,NA
"199",2,8,"7/12/2022",1,12.9,118.7,NA,107.8,4.97,4.6,NA,"",NA,NA,NA,NA
"200",2,8,"7/12/2022",1.5,12.7,118.9,NA,107.7,4.81,4.6,NA,"",NA,NA,NA,NA
"201",2,8,"7/12/2022",2,12.7,118.9,NA,107.7,4.72,4.6,NA,"",NA,NA,NA,NA
"202",2,8,"7/12/2022",2.5,12.7,119,NA,107.7,4.68,4.6,NA,"",NA,NA,NA,NA
"203",2,8,"7/12/2022",3,12.7,118.9,NA,107.8,4.65,4.8,NA,"",NA,NA,NA,NA
"204",2,8,"7/12/2022",3.5,12.6,118.9,NA,107.7,4.64,4.9,NA,"",NA,NA,NA,NA
"205",2,8,"7/12/2022",4,12.6,118.9,NA,107.7,5.63,4.7,NA,"",NA,NA,NA,NA
"206",2,8,"7/12/2022",4.5,12.6,118.8,NA,107.7,5.63,4.8,NA,"",NA,NA,NA,NA
"207",2,8,"7/12/2022",5,12.6,118.7,NA,107.7,5.63,4.7,NA,"",NA,NA,NA,NA
"208",2,9,"7/13/2022",0.5,13.2,108.2,11.18,106.7,6.32,4,NA,"",NA,NA,NA,NA
"209",2,9,"7/13/2022",1,13.1,110.1,11.39,106.7,6.38,4.1,NA,"",NA,NA,NA,NA
"210",2,9,"7/13/2022",1.5,13,110.4,11.43,106.7,6.41,4.5,NA,"",NA,NA,NA,NA
"211",2,9,"7/13/2022",2,12.9,110.5,11.46,106.6,6.42,3.8,NA,"",NA,NA,NA,NA
"212",2,9,"7/13/2022",2.5,12.8,110.5,11.47,106.6,6.45,3.6,NA,"",NA,NA,NA,NA
"213",2,9,"7/13/2022",3,12.7,110.3,11.53,106.6,6.45,3.4,NA,"",NA,NA,NA,NA
"214",2,9,"7/13/2022",3.5,12.5,110.3,11.55,106.5,6.45,3.3,NA,"",NA,NA,NA,NA
"215",2,9,"7/13/2022",4,12.5,110.5,11.56,106.5,6.46,3.5,NA,"",NA,NA,NA,NA
"216",2,9,"7/13/2022",4.5,12.5,110.7,11.55,106.6,6.46,3.5,NA,"",NA,NA,NA,NA
"217",2,9,"7/13/2022",5,12.5,110.6,11.55,106.6,6.47,3.4,NA,"",NA,NA,NA,NA
"218",2,9,"7/13/2022",6,12.4,110.4,11.55,106.6,6.48,3.4,NA,"",NA,NA,NA,NA
"219",2,9,"7/13/2022",7,12.3,110.2,11.55,106.6,6.48,10.1,NA,"",NA,NA,NA,NA
"220",2,10,"7/13/2022",0.5,12.1,107.8,11.46,106.1,6.27,3.6,NA,"",NA,NA,NA,NA
"221",2,10,"7/13/2022",1,11.9,110.5,11.73,106.1,6.32,3.7,NA,"",NA,NA,NA,NA
"222",2,10,"7/13/2022",1.5,11.7,110.8,11.79,105.9,6.34,3.6,NA,"",NA,NA,NA,NA
"223",2,10,"7/13/2022",2,11.6,110.9,11.82,105.8,6.34,3.6,NA,"",NA,NA,NA,NA
"224",2,10,"7/13/2022",2.5,11.5,110.8,11.85,105.6,6.34,3.6,NA,"",NA,NA,NA,NA
"225",2,10,"7/13/2022",3,11.3,110.9,11.9,105.3,6.34,3.6,NA,"",NA,NA,NA,NA
"226",2,10,"7/13/2022",3.5,11.2,110.9,11.93,105.2,6.35,3.5,NA,"",NA,NA,NA,NA
"227",2,10,"7/13/2022",4,11.1,111,11.97,105.2,6.36,3.6,NA,"",NA,NA,NA,NA
"228",2,10,"7/13/2022",4.5,11,110.9,12,105.2,6.37,3.6,NA,"",NA,NA,NA,NA
"229",2,10,"7/13/2022",5,10.9,110.8,12,105.3,6.38,3.5,NA,"",NA,NA,NA,NA
"230",2,10,"7/13/2022",6,10.9,110.7,12,105.2,6.38,3.7,NA,"",NA,NA,NA,NA
"231",2,10,"7/13/2022",7,10.7,110.4,12.02,105.2,6.38,3.5,NA,"",NA,NA,NA,NA
"232",2,11,"7/13/2022",0.5,11.8,111.5,11.86,105.1,6.3,3.2,NA,"",NA,NA,NA,NA
"233",2,11,"7/13/2022",1,11.5,111.6,11.93,105.2,6.31,3.2,NA,"",NA,NA,NA,NA
"234",2,11,"7/13/2022",1.5,11.4,111.5,11.95,105.2,6.32,3.2,NA,"",NA,NA,NA,NA
"235",2,11,"7/13/2022",2,11.3,111.4,11.96,105.2,6.32,3.2,NA,"",NA,NA,NA,NA
"236",2,11,"7/13/2022",2.5,11.3,111.4,11.97,105.2,6.32,3.2,NA,"",NA,NA,NA,NA
"237",2,11,"7/13/2022",3,11.2,111.4,11.99,105.2,6.32,3.2,NA,"",NA,NA,NA,NA
"238",2,11,"7/13/2022",3.5,11.2,111.4,12,105.1,6.33,3.1,NA,"",NA,NA,NA,NA
"239",2,11,"7/13/2022",4,11.2,111.4,12,105.1,6.33,3.1,NA,"",NA,NA,NA,NA
"240",2,11,"7/13/2022",4.5,11.1,111.5,12.02,105,6.34,3.1,NA,"",NA,NA,NA,NA
"241",2,11,"7/13/2022",5,11.1,111.3,12.02,104.8,6.34,3.2,NA,"",NA,NA,NA,NA
"242",2,11,"7/13/2022",6,11,111.3,12.04,104.4,6.34,3.2,NA,"",NA,NA,NA,NA
"243",2,11,"7/13/2022",7,10.7,111.4,12.15,104.1,6.34,4.4,NA,"",NA,NA,NA,NA
"244",2,11,"7/13/2022",8,10.6,111.5,12.17,104.1,6.33,8.7,NA,"",NA,NA,NA,NA
"245",2,12,"7/13/2022",0.5,12.1,109.9,11.68,105.9,6.42,3.4,NA,"",NA,NA,NA,NA
"246",2,12,"7/13/2022",1,11.6,111,11.86,105.7,6.4,3.3,NA,"",NA,NA,NA,NA
"247",2,12,"7/13/2022",1.5,11.3,110.8,11.92,105.5,6.39,3.2,NA,"",NA,NA,NA,NA
"248",2,12,"7/13/2022",2,11.1,110.9,11.97,105.2,6.39,3.3,NA,"",NA,NA,NA,NA
"249",2,12,"7/13/2022",2.5,11,110.9,12,105.2,6.38,3.4,NA,"",NA,NA,NA,NA
"250",2,12,"7/13/2022",3,11,110.8,12,105.2,6.37,3.2,NA,"",NA,NA,NA,NA
"251",2,12,"7/13/2022",3.5,11,110.9,12,105.2,6.37,3.4,NA,"",NA,NA,NA,NA
"252",2,12,"7/13/2022",4,10.9,110.9,12,105.2,6.36,3.4,NA,"",NA,NA,NA,NA
"253",2,12,"7/13/2022",4.5,10.9,110.8,12.01,105.2,6.36,3.4,NA,"",NA,NA,NA,NA
"254",2,12,"7/13/2022",5,10.9,110.9,12.01,105.2,6.36,3.6,NA,"",NA,NA,NA,NA
"255",2,13,"7/13/2022",0.5,NA,NA,NA,NA,NA,NA,NA,"",NA,NA,NA,NA
"256",2,14,"7/13/2022",0.5,13.7,112.7,11.51,104.2,6.23,1.2,NA,"",NA,NA,NA,NA
"257",2,14,"7/13/2022",1,13.7,113.5,11.57,104.2,6.24,1.2,NA,"",NA,NA,NA,NA
"258",2,14,"7/13/2022",1.5,13.5,113.4,11.59,104.2,6.25,1.2,NA,"",NA,NA,NA,NA
"259",2,14,"7/13/2022",2,13.4,113,11.59,104.2,6.26,1.2,NA,"",NA,NA,NA,NA
"260",2,14,"7/13/2022",2.5,13.2,112.5,11.59,104.1,6.26,1.2,NA,"",NA,NA,NA,NA
"261",2,14,"7/13/2022",3,11.4,112.3,12.08,103.3,6.27,0.9,NA,"",NA,NA,NA,NA
"262",2,14,"7/13/2022",3.5,11.2,112.5,12.15,103.1,6.28,0.9,NA,"",NA,NA,NA,NA
"263",2,14,"7/13/2022",4,10.5,111,12.23,103.4,6.29,1.1,NA,"",NA,NA,NA,NA
"264",2,14,"7/13/2022",4.5,9,111.4,12.66,103.2,6.31,1.2,NA,"",NA,NA,NA,NA
"265",2,14,"7/13/2022",5,8.8,111.8,12.78,103.2,6.33,1.2,NA,"",NA,NA,NA,NA
"266",2,14,"7/13/2022",6,8.1,112.4,13.12,102.4,6.34,1.4,NA,"",NA,NA,NA,NA
"267",2,14,"7/13/2022",7,8.1,114.1,13.22,102.3,6.34,1.4,NA,"",NA,NA,NA,NA
"268",2,15,"7/13/2022",0.5,12.8,108,11.65,104,6.26,2,NA,"",NA,NA,NA,NA
"269",2,15,"7/13/2022",1,12.7,113.4,11.8,104,6.28,2,NA,"",NA,NA,NA,NA
"270",2,15,"7/13/2022",1.5,12.6,113.4,11.82,104.1,6.28,2,NA,"",NA,NA,NA,NA
"271",2,15,"7/13/2022",2,12.6,113.4,11.81,104.1,6.29,2.1,NA,"",NA,NA,NA,NA
"272",2,15,"7/13/2022",2.5,12.7,113.4,11.81,104.1,6.29,2.1,NA,"",NA,NA,NA,NA
"273",2,15,"7/13/2022",3,12.7,113.5,11.82,104.2,6.29,2.1,NA,"",NA,NA,NA,NA
"274",2,15,"7/13/2022",3.5,12.7,113.5,11.82,104.4,6.29,2.3,NA,"",NA,NA,NA,NA
"275",2,15,"7/13/2022",4,12.6,113.7,11.85,104.5,6.28,3,NA,"",NA,NA,NA,NA
"276",3,12,"",0.5,NA,NA,NA,NA,NA,NA,NA,"",NA,NA,NA,NA
"277",3,13,"",0.5,NA,NA,NA,NA,NA,NA,NA,"",NA,NA,NA,NA
"278",3,14,"",0.5,NA,NA,NA,NA,NA,NA,NA,"",NA,NA,NA,NA
"279",3,15,"",0.5,NA,NA,NA,NA,NA,NA,NA,"",NA,NA,NA,NA
"280",3,1,"7/25/2022",0.5,18,115.4,10.7,112.3,7.38,1.8,NA,"",NA,NA,NA,NA
"281",3,1,"7/25/2022",1,17.8,115.7,10.75,112.1,7.28,1.8,NA,"",NA,NA,NA,NA
"282",3,1,"7/25/2022",1.5,17.7,115.1,10.74,111.8,7.2,1.9,NA,"",NA,NA,NA,NA
"283",3,1,"7/25/2022",2,17.4,114.7,10.75,111.7,7.15,2.7,NA,"",NA,NA,NA,NA
"284",3,1,"7/25/2022",2.5,17.2,114.1,10.74,111.7,7.13,3.2,NA,"",NA,NA,NA,NA
"285",3,1,"7/25/2022",3,17,113.3,10.7,111.7,7.13,3,NA,"",NA,NA,NA,NA
"286",3,1,"7/25/2022",3.5,17,112.9,10.68,111.6,7.13,3.4,NA,"",NA,NA,NA,NA
"287",3,1,"7/25/2022",4,17,112.7,10.66,111.6,7.15,2.7,NA,"",NA,NA,NA,NA
"288",3,1,"7/25/2022",4.5,16.9,112.6,10.67,113.2,7.2,2.2,NA,"",NA,NA,NA,NA
"289",3,1,"7/25/2022",5,16.9,112.7,10.68,113.4,7.28,2.3,NA,"",NA,NA,NA,NA
"290",3,1,"7/25/2022",6,16.8,112.5,10.67,113.6,7.33,3.3,NA,"",NA,NA,NA,NA
"291",3,1,"7/25/2022",7,16.8,112.8,10.68,113.6,7.35,2.5,NA,"",NA,NA,NA,NA
"292",3,1,"7/25/2022",8,NA,NA,NA,NA,NA,NA,NA,"",NA,NA,NA,NA
"293",3,1,"7/25/2022",9,NA,NA,NA,NA,NA,NA,NA,"",NA,NA,NA,NA
"294",3,2,"7/25/2022",0.5,18.4,114.6,10.55,110.2,8,3.3,NA,"",NA,NA,NA,NA
"295",3,2,"7/25/2022",1,18.3,114.3,10.53,110.6,7.53,2.8,NA,"",NA,NA,NA,NA
"296",3,2,"7/25/2022",1.5,17.9,113.7,10.58,110.8,7.4,1.8,NA,"",NA,NA,NA,NA
"297",3,2,"7/25/2022",2,17.4,114.2,10.72,109,7.33,1.5,NA,"",NA,NA,NA,NA
"298",3,2,"7/25/2022",2.5,17.4,114.2,10.72,108.8,7.3,1.3,NA,"",NA,NA,NA,NA
"299",3,2,"7/25/2022",3,17.3,114.5,10.76,108.6,7.25,1.3,NA,"",NA,NA,NA,NA
"300",3,2,"7/25/2022",3.5,17.2,114.6,10.79,108.4,7.23,1.2,NA,"",NA,NA,NA,NA
"301",3,2,"7/25/2022",4,17.2,114.7,10.8,108.2,7.23,1.1,NA,"",NA,NA,NA,NA
"302",3,2,"7/25/2022",4.5,17.1,114.8,10.83,108.2,7.23,1.2,NA,"",NA,NA,NA,NA
"303",3,2,"7/25/2022",5,17.1,114.8,10.83,108.1,7.23,1.2,NA,"",NA,NA,NA,NA
"304",3,2,"7/25/2022",6,17.1,114.7,10.81,108.2,7.23,1.3,NA,"",NA,NA,NA,NA
"305",3,2,"7/25/2022",7,17.1,114.2,10.78,108.2,7.28,1.5,NA,"",NA,NA,NA,NA
"306",3,2,"7/25/2022",8,NA,NA,NA,NA,NA,NA,NA,"",NA,NA,NA,NA
"307",3,2,"7/25/2022",9,NA,NA,NA,NA,NA,NA,NA,"",NA,NA,NA,NA
"308",3,3,"7/25/2022",0.5,18.4,113.6,10.44,111,7.85,3.9,NA,"",NA,NA,NA,NA
"309",3,3,"7/25/2022",1,18.4,113.8,10.47,111.1,7.75,4,NA,"",NA,NA,NA,NA
"310",3,3,"7/25/2022",1.5,18.3,113.8,10.48,111.1,7.58,3.9,NA,"",NA,NA,NA,NA
"311",3,3,"7/25/2022",2,18.2,113.7,10.49,111,7.48,3.7,NA,"",NA,NA,NA,NA
"312",3,3,"7/25/2022",2.5,18.1,113.5,10.51,110.8,7.43,3.4,NA,"",NA,NA,NA,NA
"313",3,3,"7/25/2022",3,17.9,113.1,10.55,110.1,7.33,2.2,NA,"",NA,NA,NA,NA
"314",3,3,"7/25/2022",3.5,17.5,113.8,10.67,109.1,7.28,1.9,NA,"",NA,NA,NA,NA
"315",3,3,"7/25/2022",4,17.4,114.5,10.73,109.1,7.25,2.1,NA,"",NA,NA,NA,NA
"316",3,3,"7/25/2022",4.5,17.4,114.6,10.73,109.2,7.25,2.4,NA,"",NA,NA,NA,NA
"317",3,3,"7/25/2022",5,17.5,114.5,10.73,109.2,7.23,2.3,NA,"",NA,NA,NA,NA
"318",3,3,"7/25/2022",6,NA,NA,NA,NA,NA,NA,NA,"",NA,NA,NA,NA
"319",3,3,"7/25/2022",7,NA,NA,NA,NA,NA,NA,NA,"",NA,NA,NA,NA
"320",3,3,"7/25/2022",8,NA,NA,NA,NA,NA,NA,NA,"",NA,NA,NA,NA
"321",3,3,"7/25/2022",9,NA,NA,NA,NA,NA,NA,NA,"",NA,NA,NA,NA
"322",3,4,"7/25/2022",0.5,18.2,109.9,10.32,110.3,8.95,2.6,NA,"",NA,NA,NA,NA
"323",3,4,"7/25/2022",1,18.1,113.6,10.5,110.4,8.35,2.7,NA,"",NA,NA,NA,NA
"324",3,4,"7/25/2022",1.5,18.1,113.7,10.52,110.4,8.03,2.7,NA,"",NA,NA,NA,NA
"325",3,4,"7/25/2022",2,18.1,113.9,10.53,110.4,7.83,2.7,NA,"",NA,NA,NA,NA
"326",3,4,"7/25/2022",2.5,18.1,113.8,10.53,110.4,7.65,2.9,NA,"",NA,NA,NA,NA
"327",3,4,"7/25/2022",3,18,113.7,10.53,110.3,7.53,3,NA,"",NA,NA,NA,NA
"328",3,4,"7/25/2022",3.5,17.9,113.6,10.53,110.3,7.33,3.3,NA,"",NA,NA,NA,NA
"329",3,4,"7/25/2022",4,17.9,113.5,10.54,110.2,7.4,3.2,NA,"",NA,NA,NA,NA
"330",3,4,"7/25/2022",4.5,17.9,113.5,10.56,110.2,7.38,3.4,NA,"",NA,NA,NA,NA
"331",3,4,"7/25/2022",5,17.8,113.4,10.56,109.7,7.33,2.8,NA,"",NA,NA,NA,NA
"332",3,4,"7/25/2022",6,17.6,113.5,10.7,108.7,7.28,2,NA,"",NA,NA,NA,NA
"333",3,4,"7/25/2022",7,17.4,114,10.71,108.7,7.28,7.2,NA,"",NA,NA,NA,NA
"334",3,4,"7/25/2022",8,NA,NA,NA,NA,NA,NA,NA,"",NA,NA,NA,NA
"335",3,4,"7/25/2022",9,NA,NA,NA,NA,NA,NA,NA,"",NA,NA,NA,NA
"336",3,5,"7/25/2022",0.5,18.2,112.8,10.4,111.1,8.98,2.5,NA,"",NA,NA,NA,NA
"337",3,5,"7/25/2022",1,18.4,113.2,10.41,111.1,8.05,2.5,NA,"",NA,NA,NA,NA
"338",3,5,"7/25/2022",1.5,18.4,113.3,10.42,111.1,7.85,2.5,NA,"",NA,NA,NA,NA
"339",3,5,"7/25/2022",2,18.4,113.2,10.41,111.2,7.65,2.4,NA,"",NA,NA,NA,NA
"340",3,5,"7/25/2022",2.5,18.3,113.1,10.4,111.2,7.53,2.5,NA,"",NA,NA,NA,NA
"341",3,5,"7/25/2022",3,18.3,113.1,10.41,111.2,7.45,2.7,NA,"",NA,NA,NA,NA
"342",3,5,"7/25/2022",3.5,18.3,113,10.41,111.2,7.4,2.6,NA,"",NA,NA,NA,NA
"343",3,5,"7/25/2022",4,18.3,113,10.4,111.2,7.35,2.6,NA,"",NA,NA,NA,NA
"344",3,5,"7/25/2022",4.5,18.3,113,10.4,111.2,7.33,2.6,NA,"",NA,NA,NA,NA
"345",3,5,"7/25/2022",5,18.3,112.9,10.4,111.2,7.3,2.9,NA,"",NA,NA,NA,NA
"346",3,5,"7/25/2022",6,NA,NA,NA,NA,NA,NA,NA,"",NA,NA,NA,NA
"347",3,5,"7/25/2022",7,NA,NA,NA,NA,NA,NA,NA,"",NA,NA,NA,NA
"348",3,5,"7/25/2022",8,NA,NA,NA,NA,NA,NA,NA,"",NA,NA,NA,NA
"349",3,5,"7/25/2022",9,NA,NA,NA,NA,NA,NA,NA,"",NA,NA,NA,NA
"350",3,6,"7/25/2022",0.5,18.2,112.1,10.35,110,9.15,2.9,NA,"",NA,NA,NA,NA
"351",3,6,"7/25/2022",1,18.2,112.5,10.38,111,8.75,2.8,NA,"",NA,NA,NA,NA
"352",3,6,"7/25/2022",1.5,18.2,112.6,10.39,111,8.23,2.8,NA,"",NA,NA,NA,NA
"353",3,6,"7/25/2022",2,18.1,112.6,10.42,110.9,8.03,2.7,NA,"",NA,NA,NA,NA
"354",3,6,"7/25/2022",2.5,18.1,112.8,10.42,110.9,7.78,2.7,NA,"",NA,NA,NA,NA
"355",3,6,"7/25/2022",3,18,112.5,10.44,110.3,7.68,2.1,NA,"",NA,NA,NA,NA
"356",3,6,"7/25/2022",3.5,17.8,113.1,10.52,110.1,7.55,1,NA,"",NA,NA,NA,NA
"357",3,6,"7/25/2022",4,17.8,113.4,10.56,110.1,7.48,1,NA,"",NA,NA,NA,NA
"358",3,6,"7/25/2022",4.5,17.7,113.3,10.57,109.4,7.43,1.7,NA,"",NA,NA,NA,NA
"359",3,6,"7/25/2022",5,17.6,113.8,10.64,109.3,7.35,1.7,NA,"",NA,NA,NA,NA
"360",3,6,"7/25/2022",6,17.6,113.9,10.64,109.3,7.33,1.8,NA,"",NA,NA,NA,NA
"361",3,6,"7/25/2022",7,17.5,113.6,10.62,109.7,7.25,6.4,NA,"",NA,NA,NA,NA
"362",3,6,"7/25/2022",8,NA,NA,NA,NA,NA,NA,NA,"",NA,NA,NA,NA
"363",3,6,"7/25/2022",9,NA,NA,NA,NA,NA,NA,NA,"",NA,NA,NA,NA
"364",3,7,"7/25/2022",0.5,18.4,109.4,10.04,116.9,8.75,15.5,NA,"",NA,NA,NA,NA
"365",3,7,"7/25/2022",1,18.4,109.2,10.02,116.9,8.2,15.6,NA,"",NA,NA,NA,NA
"366",3,7,"7/25/2022",1.5,18.4,109.3,10.03,116.6,7.95,15.2,NA,"",NA,NA,NA,NA
"367",3,7,"7/25/2022",2,18.4,109.3,10.03,116.6,7.6,14.9,NA,"",NA,NA,NA,NA
"368",3,7,"7/25/2022",2.5,18.4,109.3,10.03,116.5,7.55,15.8,NA,"",NA,NA,NA,NA
"369",3,7,"7/25/2022",3,18.4,109.1,10.02,116.3,7.43,20.1,NA,"",NA,NA,NA,NA
"370",3,7,"",3.5,NA,NA,NA,NA,NA,NA,NA,"",NA,NA,NA,NA
"371",3,7,"",4,NA,NA,NA,NA,NA,NA,NA,"",NA,NA,NA,NA
"372",3,7,"",4.5,NA,NA,NA,NA,NA,NA,NA,"",NA,NA,NA,NA
"373",3,7,"",5,NA,NA,NA,NA,NA,NA,NA,"",NA,NA,NA,NA
"374",3,7,"",6,NA,NA,NA,NA,NA,NA,NA,"",NA,NA,NA,NA
"375",3,7,"",7,NA,NA,NA,NA,NA,NA,NA,"",NA,NA,NA,NA
"376",3,7,"",8,NA,NA,NA,NA,NA,NA,NA,"",NA,NA,NA,NA
"377",3,7,"",9,NA,NA,NA,NA,NA,NA,NA,"",NA,NA,NA,NA
"378",3,8,"7/27/2022",0.5,18.4,113.9,10.38,110.4,7.48,3.2,NA,"",NA,NA,NA,NA
"379",3,8,"7/27/2022",1,18.4,114,10.39,110.4,7.5,3.1,NA,"",NA,NA,NA,NA
"380",3,8,"7/27/2022",1.5,18.4,114.1,10.39,110.4,7.53,3.2,NA,"",NA,NA,NA,NA
"381",3,8,"7/27/2022",2,18.4,114.1,10.4,110.3,7.53,3.2,NA,"",NA,NA,NA,NA
"382",3,8,"7/27/2022",2.5,18.4,114.2,10.41,110.2,7.5,3.2,NA,"",NA,NA,NA,NA
"383",3,8,"7/27/2022",3,18.4,114.2,10.42,110.2,7.48,3.1,NA,"",NA,NA,NA,NA
"384",3,8,"7/27/2022",3.5,18.3,114.3,10.46,109.7,7.45,3,NA,"",NA,NA,NA,NA
"385",3,8,"7/27/2022",4,18.3,114.7,10.49,109.5,7.53,2.8,NA,"",NA,NA,NA,NA
"386",3,8,"7/27/2022",4.5,18.2,114.8,10.52,109.3,7.53,2.8,NA,"",NA,NA,NA,NA
"387",3,8,"7/27/2022",5,18.2,114.8,10.54,108.8,7.48,2.5,NA,"",NA,NA,NA,NA
"388",3,8,"7/27/2022",6,17.9,114.7,10.63,107.8,7.43,2.2,NA,"",NA,NA,NA,NA
"389",3,8,"7/27/2022",7,17.7,115,10.63,107.9,7.43,2.2,NA,"",NA,NA,NA,NA
"390",3,8,"7/27/2022",8,NA,NA,NA,NA,NA,NA,NA,"",NA,NA,NA,NA
"391",3,8,"7/27/2022",9,NA,NA,NA,NA,NA,NA,NA,"",NA,NA,NA,NA
"392",3,9,"7/27/2022",0.5,17.6,115.8,10.76,107.1,6.9,1.5,NA,"",NA,NA,NA,NA
"393",3,9,"7/27/2022",1,17.5,116.5,10.88,106.1,7.03,1.1,NA,"",NA,NA,NA,NA
"394",3,9,"7/27/2022",1.5,17.1,117.9,11.04,106,7.03,1.1,NA,"",NA,NA,NA,NA
"395",3,9,"7/27/2022",2,17,117.9,11.05,105.7,7.03,1,NA,"",NA,NA,NA,NA
"396",3,9,"7/27/2022",2.5,16.9,118.2,11.12,105.4,7.03,0.9,NA,"",NA,NA,NA,NA
"397",3,9,"7/27/2022",3,16.8,118.4,11.14,105.4,7.05,0.9,NA,"",NA,NA,NA,NA
"398",3,9,"7/27/2022",3.5,16.8,118.3,11.14,105.3,7.03,0.9,NA,"",NA,NA,NA,NA
"399",3,9,"7/27/2022",4,16.8,118.4,11.14,105.4,7.03,0.9,NA,"",NA,NA,NA,NA
"400",3,9,"7/27/2022",4.5,16.8,118.3,11.14,105.3,7.03,0.9,NA,"",NA,NA,NA,NA
"401",3,9,"7/27/2022",5,16.7,118.1,11.15,105.2,7.05,0.9,NA,"",NA,NA,NA,NA
"402",3,9,"7/27/2022",6,16.6,118,11.14,105.2,7.08,1.5,NA,"",NA,NA,NA,NA
"403",3,9,"7/27/2022",7,16.6,117.9,11.14,105.2,7.08,9.3,NA,"",NA,NA,NA,NA
"404",3,9,"7/27/2022",8,NA,NA,NA,NA,NA,NA,NA,"",NA,NA,NA,NA
"405",3,9,"7/27/2022",9,NA,NA,NA,NA,NA,NA,NA,"",NA,NA,NA,NA
"406",3,10,"7/27/2022",0.5,17.8,111.8,10.42,108,6.9,2.3,NA,"",NA,NA,NA,NA
"407",3,10,"7/27/2022",1,17.8,114.6,10.57,108.1,7.08,2.4,NA,"",NA,NA,NA,NA
"408",3,10,"7/27/2022",1.5,17.8,114.8,10.58,108,7.1,2.5,NA,"",NA,NA,NA,NA
"409",3,10,"7/27/2022",2,17.8,114.9,10.59,108.1,7.1,2.4,NA,"",NA,NA,NA,NA
"410",3,10,"7/27/2022",2.5,17.8,114.9,10.59,108.1,7.1,2.5,NA,"",NA,NA,NA,NA
"411",3,10,"7/27/2022",3,17.8,114.9,10.6,108.1,7.1,2.4,NA,"",NA,NA,NA,NA
"412",3,10,"7/27/2022",3.5,17.8,114.9,10.6,108.1,7.1,2.7,NA,"",NA,NA,NA,NA
"413",3,10,"7/27/2022",4,17.7,114.9,10.61,108.1,7.13,2.6,NA,"",NA,NA,NA,NA
"414",3,10,"7/27/2022",4.5,17.7,114.9,10.6,108.1,7.1,2.7,NA,"",NA,NA,NA,NA
"415",3,10,"7/27/2022",5,17.7,114.9,10.6,108,7.13,2.9,NA,"",NA,NA,NA,NA
"416",3,10,"7/27/2022",6,17.7,114.9,10.6,108.1,7.13,2.8,NA,"",NA,NA,NA,NA
"417",3,10,"7/27/2022",7,NA,NA,NA,NA,NA,NA,NA,"",NA,NA,NA,NA
"418",3,10,"7/27/2022",8,NA,NA,NA,NA,NA,NA,NA,"",NA,NA,NA,NA
"419",3,10,"7/27/2022",9,NA,NA,NA,NA,NA,NA,NA,"",NA,NA,NA,NA
"420",3,11,"7/27/2022",0.5,17.8,115.4,10.65,107.3,7.13,3.4,NA,"",NA,NA,NA,NA
"421",3,11,"7/27/2022",1,17.8,115.5,10.66,107.2,7.1,3.7,NA,"",NA,NA,NA,NA
"422",3,11,"7/27/2022",1.5,17.7,115.5,10.68,107.2,7.08,3.6,NA,"",NA,NA,NA,NA
"423",3,11,"7/27/2022",2,17.7,115.5,10.68,107.1,7.08,3.5,NA,"",NA,NA,NA,NA
"424",3,11,"7/27/2022",2.5,17.6,115.5,10.68,107.1,7.08,3.3,NA,"",NA,NA,NA,NA
"425",3,11,"7/27/2022",3,17.6,115.5,10.69,107.1,7.08,2.6,NA,"",NA,NA,NA,NA
"426",3,11,"7/27/2022",3.5,17.6,115.7,10.74,107,7.08,1.8,NA,"",NA,NA,NA,NA
"427",3,11,"7/27/2022",4,17.5,115.7,10.74,107,7.08,1.7,NA,"",NA,NA,NA,NA
"428",3,11,"7/27/2022",4.5,17.5,115.7,10.74,107,7.1,1.7,NA,"",NA,NA,NA,NA
"429",3,11,"7/27/2022",5,17.5,115.7,10.73,107,7.1,1.7,NA,"",NA,NA,NA,NA
"430",3,11,"7/27/2022",6,17.5,115.7,10.73,107,7.08,1.7,NA,"",NA,NA,NA,NA
"431",3,11,"7/27/2022",7,17.5,115.6,10.73,107,7.1,1.7,NA,"",NA,NA,NA,NA
"432",3,11,"7/27/2022",8,17.5,NA,NA,NA,NA,NA,NA,"",NA,NA,NA,NA
"433",3,11,"7/27/2022",9,17.5,NA,NA,NA,NA,NA,NA,"",NA,NA,NA,NA
"434",3,12,"7/27/2022",0.5,17.4,116.6,10.84,106.4,7.03,1.3,NA,"",NA,NA,NA,NA
"435",3,12,"7/27/2022",1,17.4,116.8,10.87,106.4,7.05,1.3,NA,"",NA,NA,NA,NA
"436",3,12,"7/27/2022",1.5,17.4,116.9,10.88,106.4,7.05,1.3,NA,"",NA,NA,NA,NA
"437",3,12,"7/27/2022",2,17.4,116.9,10.88,106.4,7.05,1.2,NA,"",NA,NA,NA,NA
"438",3,12,"7/27/2022",2.5,17.3,117,10.88,106.4,7.05,1.3,NA,"",NA,NA,NA,NA
"439",3,12,"7/27/2022",3,17.3,117,10.88,106.4,7.05,1.2,NA,"",NA,NA,NA,NA
"440",3,12,"7/27/2022",3.5,17.3,117,10.88,106.4,7.03,1.2,NA,"",NA,NA,NA,NA
"441",3,12,"7/27/2022",4,17.4,117,10.88,106.4,7.03,1.2,NA,"",NA,NA,NA,NA
"442",3,12,"7/27/2022",4.5,17.3,116.9,10.88,106.4,7.03,1.3,NA,"",NA,NA,NA,NA
"443",3,12,"7/27/2022",5,17.3,116.9,10.88,106.4,7.03,1.2,NA,"",NA,NA,NA,NA
"444",3,12,"7/27/2022",6,17.3,116.9,10.88,106.4,7.03,1.2,NA,"",NA,NA,NA,NA
"445",3,12,"7/27/2022",7,17.3,116.9,10.88,106.5,7.03,1.2,NA,"",NA,NA,NA,NA
"446",3,12,"7/27/2022",8,17.3,116.9,10.88,106.4,7,1.2,NA,"",NA,NA,NA,NA
"447",3,12,"7/27/2022",9,17.3,116.9,10.88,106.4,NA,NA,NA,"",NA,NA,NA,NA
"448",3,13,"7/27/2022",0.5,17.9,114.4,10.53,106.2,6.95,1.1,NA,"",NA,NA,NA,NA
"449",3,13,"7/27/2022",1,17.9,114.7,10.56,106.4,7.1,1.1,NA,"",NA,NA,NA,NA
"450",3,13,"7/27/2022",1.5,17.9,114.8,10.57,106.6,7.13,1.2,NA,"",NA,NA,NA,NA
"451",3,13,"7/27/2022",2,17.8,114.7,10.57,106.8,7.15,1.2,NA,"",NA,NA,NA,NA
"452",3,13,"7/27/2022",2.5,17.7,114.3,10.57,106.7,7.18,1.2,NA,"",NA,NA,NA,NA
"453",3,13,"7/27/2022",3,17.6,114.3,10.59,106.7,7.18,1.2,NA,"",NA,NA,NA,NA
"454",3,13,"7/27/2022",3.5,17.5,114.6,10.62,106.4,7.2,1.2,NA,"",NA,NA,NA,NA
"455",3,13,"7/27/2022",4,17.4,114.6,10.66,106.2,7.2,1.2,NA,"",NA,NA,NA,NA
"456",3,13,"7/27/2022",4.5,17.3,114.8,10.68,106.1,7.2,1.2,NA,"",NA,NA,NA,NA
"457",3,13,"7/27/2022",5,17.3,114.8,10.68,106,7.23,1.2,NA,"",NA,NA,NA,NA
"458",3,13,"7/27/2022",6,17.3,114.8,10.68,105.9,7.23,1.3,NA,"",NA,NA,NA,NA
"459",3,13,"7/27/2022",7,NA,NA,NA,NA,NA,NA,NA,"",NA,NA,NA,NA
"460",3,13,"7/27/2022",8,NA,NA,NA,NA,NA,NA,NA,"",NA,NA,NA,NA
"461",3,13,"7/27/2022",9,NA,NA,NA,NA,NA,NA,NA,"",NA,NA,NA,NA
"462",3,14,"7/27/2022",0.5,18.5,114.9,10.44,107.6,6.93,1.4,NA,"",NA,NA,NA,NA
"463",3,14,"7/27/2022",1,18.5,115.2,10.48,107.8,7,1.5,NA,"",NA,NA,NA,NA
"464",3,14,"7/27/2022",1.5,18.4,115.3,10.51,107.8,7.05,1.5,NA,"",NA,NA,NA,NA
"465",3,14,"7/27/2022",2,18.3,115.3,10.51,107.9,7.08,1.6,NA,"",NA,NA,NA,NA
"466",3,14,"7/27/2022",2.5,18.2,115.1,10.52,107.9,7.1,1.6,NA,"",NA,NA,NA,NA
"467",3,14,"7/27/2022",3,18.1,114.9,10.52,108,7.1,1.6,NA,"",NA,NA,NA,NA
"468",3,14,"7/27/2022",3.5,18.1,114.9,10.53,108.1,7.15,1.6,NA,"",NA,NA,NA,NA
"469",3,14,"7/27/2022",4,18,114.8,10.53,108.2,7.15,1.7,NA,"",NA,NA,NA,NA
"470",3,14,"7/27/2022",4.5,18,114.7,10.54,108.2,7.15,1.6,NA,"",NA,NA,NA,NA
"471",3,14,"7/27/2022",5,17.9,114.8,10.55,108.2,7.15,1.5,NA,"",NA,NA,NA,NA
"472",3,14,"7/27/2022",6,17.8,114.6,10.56,108.2,7.18,1.6,NA,"",NA,NA,NA,NA
"473",3,14,"7/27/2022",7,17.8,114.4,10.55,108.6,7.2,2.6,NA,"",NA,NA,NA,NA
"474",3,14,"7/27/2022",8,17.7,113.6,10.51,108.7,7.23,2.4,NA,"",NA,NA,NA,NA
"475",3,14,"7/27/2022",9,NA,NA,NA,NA,NA,NA,NA,"",NA,NA,NA,NA
"476",3,15,"7/27/2022",0.5,18.2,115.4,10.54,108.2,7.05,1.8,NA,"",NA,NA,NA,NA
"477",3,15,"7/27/2022",1,18.2,115.4,10.54,108.2,7.1,2,NA,"",NA,NA,NA,NA
"478",3,15,"7/27/2022",1.5,18.2,115.3,10.54,108.3,7.13,2.3,NA,"",NA,NA,NA,NA
"479",3,15,"7/27/2022",2,18.1,115.2,10.54,108.4,7.15,3.1,NA,"",NA,NA,NA,NA
"480",3,15,"7/27/2022",2.5,18.1,115,10.53,108.8,7.18,5.4,NA,"",NA,NA,NA,NA
"481",3,15,"7/27/2022",3,18.1,115.3,10.57,109.2,7.18,5.5,NA,"",NA,NA,NA,NA
"482",3,15,"",3.5,NA,NA,NA,NA,NA,NA,NA,"",NA,NA,NA,NA
"483",3,15,"",4,NA,NA,NA,NA,NA,NA,NA,"",NA,NA,NA,NA
"484",3,15,"",4.5,NA,NA,NA,NA,NA,NA,NA,"",NA,NA,NA,NA
"485",3,15,"",5,NA,NA,NA,NA,NA,NA,NA,"",NA,NA,NA,NA
"486",3,15,"",6,NA,NA,NA,NA,NA,NA,NA,"",NA,NA,NA,NA
"487",3,15,"",7,NA,NA,NA,NA,NA,NA,NA,"",NA,NA,NA,NA
"488",3,15,"",8,NA,NA,NA,NA,NA,NA,NA,"",NA,NA,NA,NA
"489",3,15,"",9,NA,NA,NA,NA,NA,NA,NA,"",NA,NA,NA,NA
"490",4,1,"8/9/2022",0.5,16.1,109.6,10.56,111.9,4.81,10.5,NA,"",NA,NA,NA,NA
"491",4,1,"8/9/2022",1,16.1,109.6,10.56,111.9,4.81,10.7,NA,"",NA,NA,NA,NA
"492",4,1,"8/9/2022",1.5,16.1,109.7,10.57,111.9,4.82,10.8,NA,"",NA,NA,NA,NA
"493",4,1,"8/9/2022",2,16.1,109.7,10.59,111.9,4.81,10.3,NA,"",NA,NA,NA,NA
"494",4,1,"8/9/2022",2.5,16,109.7,10.6,111.9,4.81,10.4,NA,"",NA,NA,NA,NA
"495",4,1,"8/9/2022",3,16,109.7,10.6,111.9,4.81,10.2,NA,"",NA,NA,NA,NA
"496",4,1,"8/9/2022",3.5,15.9,109.8,10.63,111.8,4.81,10,NA,"",NA,NA,NA,NA
"497",4,1,"8/9/2022",4,16,110,10.62,111.8,4.81,10.1,NA,"",NA,NA,NA,NA
"498",4,1,"8/9/2022",4.5,NA,NA,NA,NA,NA,NA,NA,"",NA,NA,NA,NA
"499",4,1,"8/9/2022",5,NA,NA,NA,NA,NA,NA,NA,"",NA,NA,NA,NA
"500",4,1,"8/9/2022",6,NA,NA,NA,NA,NA,NA,NA,"",NA,NA,NA,NA
"501",4,1,"8/9/2022",7,NA,NA,NA,NA,NA,NA,NA,"",NA,NA,NA,NA
"502",4,1,"8/9/2022",8,NA,NA,NA,NA,NA,NA,NA,"",NA,NA,NA,NA
"503",4,1,"8/9/2022",9,NA,NA,NA,NA,NA,NA,NA,"",NA,NA,NA,NA
"504",4,2,"8/9/2022",0.5,16.3,109.2,10.5,109.6,4.88,4.6,NA,"",NA,NA,NA,NA
"505",4,2,"8/9/2022",1,16.3,110.8,10.65,109.5,4.83,4.3,NA,"",NA,NA,NA,NA
"506",4,2,"8/9/2022",1.5,16.2,111.2,10.68,109.3,4.81,4,NA,"",NA,NA,NA,NA
"507",4,2,"8/9/2022",2,16.2,111.2,10.69,109.1,4.8,4,NA,"",NA,NA,NA,NA
"508",4,2,"8/9/2022",2.5,16.2,111.2,10.7,108.9,4.8,3.9,NA,"",NA,NA,NA,NA
"509",4,2,"8/9/2022",3,16.1,111.1,10.73,108.8,4.79,4.2,NA,"",NA,NA,NA,NA
"510",4,2,"8/9/2022",3.5,16,111.1,10.74,108.8,4.79,4.1,NA,"",NA,NA,NA,NA
"511",4,2,"8/9/2022",4,15.9,111.1,10.74,108.7,4.79,4,NA,"",NA,NA,NA,NA
"512",4,2,"8/9/2022",4.5,15.9,111.1,10.74,108.7,4.79,4.3,NA,"",NA,NA,NA,NA
"513",4,2,"8/9/2022",5,15.8,111.1,10.74,108.7,4.79,4.6,NA,"",NA,NA,NA,NA
"514",4,2,"8/9/2022",6,NA,NA,NA,NA,NA,NA,NA,"",NA,NA,NA,NA
"515",4,2,"8/9/2022",7,NA,NA,NA,NA,NA,NA,NA,"",NA,NA,NA,NA
"516",4,2,"8/9/2022",8,NA,NA,NA,NA,NA,NA,NA,"",NA,NA,NA,NA
"517",4,2,"8/9/2022",9,NA,NA,NA,NA,NA,NA,NA,"",NA,NA,NA,NA
"518",4,3,"8/9/2022",0.5,16,110.7,10.7,110,4.83,3.1,NA,"",NA,NA,NA,NA
"519",4,3,"8/9/2022",1,15.9,110.7,10.71,110,4.8,3.1,NA,"",NA,NA,NA,NA
"520",4,3,"8/9/2022",1.5,15.9,110.8,10.73,110,4.79,3,NA,"",NA,NA,NA,NA
"521",4,3,"8/9/2022",2,15.8,110.7,10.74,109.9,4.77,3.1,NA,"",NA,NA,NA,NA
"522",4,3,"8/9/2022",2.5,15.7,110.5,10.76,109.8,4.77,3,NA,"",NA,NA,NA,NA
"523",4,3,"8/9/2022",3,15.6,110.6,10.78,104.6,4.77,3.1,NA,"",NA,NA,NA,NA
"524",4,3,"8/9/2022",3.5,15.5,111.1,10.86,109.5,4.79,3.3,NA,"",NA,NA,NA,NA
"525",4,3,"8/9/2022",4,15.5,111.2,10.85,109.6,4.78,3.7,NA,"",NA,NA,NA,NA
"526",4,3,"8/9/2022",4.5,15.6,111.3,10.85,109.7,4.79,3.7,NA,"",NA,NA,NA,NA
"527",4,3,"8/9/2022",5,NA,NA,NA,NA,NA,NA,NA,"",NA,NA,NA,NA
"528",4,3,"8/9/2022",6,NA,NA,NA,NA,NA,NA,NA,"",NA,NA,NA,NA
"529",4,3,"8/9/2022",7,NA,NA,NA,NA,NA,NA,NA,"",NA,NA,NA,NA
"530",4,3,"8/9/2022",8,NA,NA,NA,NA,NA,NA,NA,"",NA,NA,NA,NA
"531",4,3,"8/9/2022",9,NA,NA,NA,NA,NA,NA,NA,"",NA,NA,NA,NA
"532",4,4,"8/9/2022",0.5,16.5,109.2,10.47,111.1,4.85,4.8,NA,"",NA,NA,NA,NA
"533",4,4,"8/9/2022",1,16.5,110.1,10.54,111.1,4.83,4.6,NA,"",NA,NA,NA,NA
"534",4,4,"8/9/2022",1.5,16.5,110.4,10.55,111,4.82,4.6,NA,"",NA,NA,NA,NA
"535",4,4,"8/9/2022",2,16.5,110.4,10.56,110.9,4.82,4.3,NA,"",NA,NA,NA,NA
"536",4,4,"8/9/2022",2.5,16.4,110.6,10.59,110.9,4.8,4.3,NA,"",NA,NA,NA,NA
"537",4,4,"8/9/2022",3,16.4,110.5,10.6,110.7,4.8,4,NA,"",NA,NA,NA,NA
"538",4,4,"8/9/2022",3.5,16.3,110.7,10.61,110.8,4.8,3.9,NA,"",NA,NA,NA,NA
"539",4,4,"8/9/2022",4,16.3,110.7,10.63,110.3,4.8,3.6,NA,"",NA,NA,NA,NA
"540",4,4,"8/9/2022",4.5,16.3,110.9,10.65,110.1,4.79,3.5,NA,"",NA,NA,NA,NA
"541",4,4,"8/9/2022",5,16.3,111,10.66,110.1,4.79,3.4,NA,"",NA,NA,NA,NA
"542",4,4,"8/9/2022",6,16.2,111,10.67,110,4.78,3.5,NA,"",NA,NA,NA,NA
"543",4,4,"8/9/2022",7,16.2,111.1,10.67,109.9,4.78,3.4,NA,"",NA,NA,NA,NA
"544",4,4,"8/9/2022",8,16.2,111.1,10.68,109.9,4.79,6.1,NA,"",NA,NA,NA,NA
"545",4,4,"8/9/2022",9,NA,NA,NA,NA,NA,NA,NA,"",NA,NA,NA,NA
"546",4,5,"8/9/2022",0.5,16.1,110.7,10.68,109.1,4.85,3.4,NA,"",NA,NA,NA,NA
"547",4,5,"8/9/2022",1,16.1,111,10.72,109.2,4.81,3.7,NA,"",NA,NA,NA,NA
"548",4,5,"8/9/2022",1.5,15.9,110.9,10.74,109.1,4.79,4.6,NA,"",NA,NA,NA,NA
"549",4,5,"8/9/2022",2,15.7,110,10.77,109.1,4.78,5,NA,"",NA,NA,NA,NA
"550",4,5,"8/9/2022",2.5,15.7,110.7,10.76,109,4.78,5.6,NA,"",NA,NA,NA,NA
"551",4,5,"8/9/2022",3,15.6,110.7,10.78,109,4.76,5.8,NA,"",NA,NA,NA,NA
"552",4,5,"8/9/2022",3.5,15.6,110.8,10.79,109,4.76,6.1,NA,"",NA,NA,NA,NA
"553",4,5,"8/9/2022",4,15.5,110.7,10.8,109,4.76,6.4,NA,"",NA,NA,NA,NA
"554",4,5,"8/9/2022",4.5,15.5,110.7,10.8,108.9,4.75,6.5,NA,"",NA,NA,NA,NA
"555",4,5,"8/9/2022",5,15.5,110.7,10.8,108.9,4.75,6.6,NA,"",NA,NA,NA,NA
"556",4,5,"8/9/2022",6,NA,NA,NA,NA,NA,NA,NA,"",NA,NA,NA,NA
"557",4,5,"8/9/2022",7,NA,NA,NA,NA,NA,NA,NA,"",NA,NA,NA,NA
"558",4,5,"8/9/2022",8,NA,NA,NA,NA,NA,NA,NA,"",NA,NA,NA,NA
"559",4,5,"8/9/2022",9,NA,NA,NA,NA,NA,NA,NA,"",NA,NA,NA,NA
"560",4,6,"8/9/2022",0.5,15.6,109.7,10.75,108.7,4.8,3.4,NA,"",NA,NA,NA,NA
"561",4,6,"8/9/2022",1,15.6,109.9,10.81,108.7,4.78,3.2,NA,"",NA,NA,NA,NA
"562",4,6,"8/9/2022",1.5,15.5,109.9,10.81,108.7,4.77,3.3,NA,"",NA,NA,NA,NA
"563",4,6,"8/9/2022",2,15.5,109.9,10.81,108.7,4.77,3.2,NA,"",NA,NA,NA,NA
"564",4,6,"8/9/2022",2.5,15.4,109.6,10.82,108.6,4.77,3.5,NA,"",NA,NA,NA,NA
"565",4,6,"8/9/2022",3,15.4,110.7,10.82,108.6,4.77,3.5,NA,"",NA,NA,NA,NA
"566",4,6,"8/9/2022",3.5,15.4,110.7,10.83,108.5,4.76,3.8,NA,"",NA,NA,NA,NA
"567",4,6,"8/9/2022",4,15.3,110.6,10.85,108.5,4.77,3.9,NA,"",NA,NA,NA,NA
"568",4,6,"8/9/2022",4.5,15.3,110.6,10.85,108.5,4.77,3.8,NA,"",NA,NA,NA,NA
"569",4,6,"8/9/2022",5,15.2,110.6,10.86,108.4,4.76,4,NA,"",NA,NA,NA,NA
"570",4,6,"8/9/2022",6,NA,NA,NA,NA,NA,NA,NA,"",NA,NA,NA,NA
"571",4,6,"8/9/2022",7,NA,NA,NA,NA,NA,NA,NA,"",NA,NA,NA,NA
"572",4,6,"8/9/2022",8,NA,NA,NA,NA,NA,NA,NA,"",NA,NA,NA,NA
"573",4,6,"8/9/2022",9,NA,NA,NA,NA,NA,NA,NA,"",NA,NA,NA,NA
"574",4,7,"8/9/2022",0.5,13.9,110.2,11.13,107.4,4.62,6.7,NA,"",NA,NA,NA,NA
"575",4,7,"8/9/2022",1,13.9,110.4,11.16,107.5,4.58,6.8,NA,"",NA,NA,NA,NA
"576",4,7,"8/9/2022",1.5,13.9,110.5,11.17,107.5,4.58,6.4,NA,"",NA,NA,NA,NA
"577",4,7,"8/9/2022",2,13.9,110.5,11.17,107.8,4.57,6.6,NA,"",NA,NA,NA,NA
"578",4,7,"8/9/2022",2.5,13.9,110.5,11.18,107.5,4.57,6.5,NA,"",NA,NA,NA,NA
"579",4,7,"8/9/2022",3,13.9,110.5,11.18,107.5,4.75,6.5,NA,"",NA,NA,NA,NA
"580",4,7,"8/9/2022",3.5,13.8,110.5,11.19,107.5,4.56,6.6,NA,"",NA,NA,NA,NA
"581",4,7,"8/9/2022",4,13.8,110.6,11.19,107.5,4.55,8.2,NA,"",NA,NA,NA,NA
"582",4,7,"8/9/2022",4.5,13.8,110.6,11.19,107.5,4.55,9,NA,"",NA,NA,NA,NA
"583",4,7,"8/9/2022",5,13.8,110.6,11.2,107.8,4.55,7.2,NA,"",NA,NA,NA,NA
"584",4,7,"8/9/2022",6,NA,NA,NA,NA,NA,NA,NA,"",NA,NA,NA,NA
"585",4,7,"8/9/2022",7,NA,NA,NA,NA,NA,NA,NA,"",NA,NA,NA,NA
"586",4,7,"8/9/2022",8,NA,NA,NA,NA,NA,NA,NA,"",NA,NA,NA,NA
"587",4,7,"8/9/2022",9,NA,NA,NA,NA,NA,NA,NA,"",NA,NA,NA,NA
"588",4,8,"8/9/2022",0.5,11.6,108.9,11.65,105.9,4.36,7.8,NA,"",NA,NA,NA,NA
"589",4,8,"8/9/2022",1,11.4,107.9,11.7,106,4.25,6.7,NA,"",NA,NA,NA,NA
"590",4,8,"8/9/2022",1.5,11.1,107,11.69,105.1,4.21,5.5,NA,"",NA,NA,NA,NA
"591",4,8,"8/9/2022",2,10.3,108.5,11.92,104.9,4.17,5.4,NA,"",NA,NA,NA,NA
"592",4,8,"8/9/2022",2.5,9.9,108.2,12,104.6,4.15,4.6,NA,"",NA,NA,NA,NA
"593",4,8,"8/9/2022",3,9.5,107.9,12.11,104.4,4.11,4.5,NA,"",NA,NA,NA,NA
"594",4,8,"8/9/2022",3.5,9.4,108.1,12.11,104.4,4.1,4.3,NA,"",NA,NA,NA,NA
"595",4,8,"8/9/2022",4,9.4,107.8,12.1,104.3,4.08,4.2,NA,"",NA,NA,NA,NA
"596",4,8,"8/9/2022",4.5,9,107,12.14,104.2,4.07,3.7,NA,"",NA,NA,NA,NA
"597",4,8,"8/9/2022",5,8.6,106.9,12.25,104,4.04,3.6,NA,"",NA,NA,NA,NA
"598",4,8,"8/9/2022",6,8.1,106.7,12.31,103.9,4.03,3.4,NA,"",NA,NA,NA,NA
"599",4,8,"",7,NA,NA,NA,NA,NA,NA,NA,"",NA,NA,NA,NA
"600",4,8,"",8,NA,NA,NA,NA,NA,NA,NA,"",NA,NA,NA,NA
"601",4,8,"",9,NA,NA,NA,NA,NA,NA,NA,"",NA,NA,NA,NA
"602",4,9,"8/10/2022",0.5,13.7,111.4,11.35,105.8,8.31,2.5,NA,"",NA,NA,NA,NA
"603",4,9,"8/10/2022",1,13.6,111.4,11.39,105.9,8.27,2.5,NA,"",NA,NA,NA,NA
"604",4,9,"8/10/2022",1.5,13.5,111.5,11.41,105.9,8.26,2.6,NA,"",NA,NA,NA,NA
"605",4,9,"8/10/2022",2,13.5,111.4,11.41,105.9,8.26,2.6,NA,"",NA,NA,NA,NA
"606",4,9,"8/10/2022",2.5,13.4,111.4,11.41,105.9,8.25,2.6,NA,"",NA,NA,NA,NA
"607",4,9,"8/10/2022",3,13.4,111.3,11.42,105.8,8.25,2.7,NA,"",NA,NA,NA,NA
"608",4,9,"8/10/2022",3.5,13.4,111.4,11.43,105.8,8.24,2.8,NA,"",NA,NA,NA,NA
"609",4,9,"8/10/2022",4,13.4,111.4,11.43,105.8,8.23,2.7,NA,"",NA,NA,NA,NA
"610",4,9,"8/10/2022",4.5,13.3,111.4,11.45,105.8,8.23,2.7,NA,"",NA,NA,NA,NA
"611",4,9,"8/10/2022",5,13.3,111.4,11.46,105.8,8.23,2.6,NA,"",NA,NA,NA,NA
"612",4,9,"8/10/2022",6,NA,NA,NA,NA,NA,NA,NA,"",NA,NA,NA,NA
"613",4,9,"8/10/2022",7,NA,NA,NA,NA,NA,NA,NA,"",NA,NA,NA,NA
"614",4,9,"8/10/2022",8,NA,NA,NA,NA,NA,NA,NA,"",NA,NA,NA,NA
"615",4,9,"8/10/2022",9,NA,NA,NA,NA,NA,NA,NA,"",NA,NA,NA,NA
"616",4,10,"8/10/2022",0.5,12.8,110,11.48,105.4,8.25,2.5,NA,"",NA,NA,NA,NA
"617",4,10,"8/10/2022",1,12.7,110.5,11.51,105.3,8.23,2.4,NA,"",NA,NA,NA,NA
"618",4,10,"8/10/2022",1.5,12.6,110.5,11.54,105.3,8.22,2.3,NA,"",NA,NA,NA,NA
"619",4,10,"8/10/2022",2,12.6,110.5,11.56,105.1,8.22,2.4,NA,"",NA,NA,NA,NA
"620",4,10,"8/10/2022",2.5,12.5,110.7,11.6,105.1,8.21,2.5,NA,"",NA,NA,NA,NA
"621",4,10,"8/10/2022",3,12.4,110.4,11.6,104.8,8.21,2.4,NA,"",NA,NA,NA,NA
"622",4,10,"8/10/2022",3.5,12.3,110.7,11.65,104.8,8.2,2.5,NA,"",NA,NA,NA,NA
"623",4,10,"8/10/2022",4,12.2,110.7,11.65,104.7,8.2,2.4,NA,"",NA,NA,NA,NA
"624",4,10,"8/10/2022",4.5,12.1,110.8,11.69,104.6,8.19,2.4,NA,"",NA,NA,NA,NA
"625",4,10,"8/10/2022",5,12.1,110.7,11.7,104.5,8.19,2.4,NA,"",NA,NA,NA,NA
"626",4,10,"8/10/2022",6,12.1,110.8,11.71,104.5,8.18,2.4,NA,"",NA,NA,NA,NA
"627",4,10,"8/10/2022",7,11.6,111.3,11.9,104.2,8.19,2.3,NA,"",NA,NA,NA,NA
"628",4,10,"8/10/2022",8,NA,NA,NA,NA,NA,NA,NA,"",NA,NA,NA,NA
"629",4,10,"8/10/2022",9,NA,NA,NA,NA,NA,NA,NA,"",NA,NA,NA,NA
"630",4,11,"8/10/2022",0.5,11.3,111,12.02,103.9,8.2,2.2,NA,"",NA,NA,NA,NA
"631",4,11,"8/10/2022",1,11,111.2,12.03,103.9,8.19,2,NA,"",NA,NA,NA,NA
"632",4,11,"8/10/2022",1.5,10.9,111,12.04,103.8,8.18,1.9,NA,"",NA,NA,NA,NA
"633",4,11,"8/10/2022",2,10.9,111,12.06,103.8,8.18,2,NA,"",NA,NA,NA,NA
"634",4,11,"8/10/2022",2.5,10.8,111,12.06,103.8,8.18,1.9,NA,"",NA,NA,NA,NA
"635",4,11,"8/10/2022",3,10.7,111,12.09,103.7,8.18,1.9,NA,"",NA,NA,NA,NA
"636",4,11,"8/10/2022",3.5,10.7,111,12.11,103.7,8.18,1.9,NA,"",NA,NA,NA,NA
"637",4,11,"8/10/2022",4,10.4,111,12.14,103.5,8.18,1.8,NA,"",NA,NA,NA,NA
"638",4,11,"8/10/2022",4.5,10.4,111.5,12.25,103.3,8.19,1.7,NA,"",NA,NA,NA,NA
"639",4,11,"8/10/2022",5,10.4,111.7,12.28,103.3,8.19,1.7,NA,"",NA,NA,NA,NA
"640",4,11,"8/10/2022",6,10.4,111.8,12.29,103.3,8.19,2,NA,"",NA,NA,NA,NA
"641",4,11,"8/10/2022",7,NA,NA,NA,NA,NA,NA,NA,"",NA,NA,NA,NA
"642",4,11,"8/10/2022",8,NA,NA,NA,NA,NA,NA,NA,"",NA,NA,NA,NA
"643",4,11,"8/10/2022",9,NA,NA,NA,NA,NA,NA,NA,"",NA,NA,NA,NA
"644",4,12,"8/10/2022",0.5,10.7,110.5,12.05,103.4,8.23,1.9,NA,"",NA,NA,NA,NA
"645",4,12,"8/10/2022",1,10.7,111.1,12.11,103.5,8.2,1.9,NA,"",NA,NA,NA,NA
"646",4,12,"8/10/2022",1.5,10.7,111.2,12.13,103.5,8.19,1.9,NA,"",NA,NA,NA,NA
"647",4,12,"8/10/2022",2,10.7,111.2,12.13,103.5,8.14,1.8,NA,"",NA,NA,NA,NA
"648",4,12,"8/10/2022",2.5,10.7,111.2,12.14,103.5,8.19,1.9,NA,"",NA,NA,NA,NA
"649",4,12,"8/10/2022",3,10.7,111.3,12.15,103.5,8.19,1.8,NA,"",NA,NA,NA,NA
"650",4,12,"8/10/2022",3.5,10.7,111.3,12.15,103.5,8.18,1.9,NA,"",NA,NA,NA,NA
"651",4,12,"8/10/2022",4,10.7,111.2,12.14,103.5,8.18,1.9,NA,"",NA,NA,NA,NA
"652",4,12,"8/10/2022",4.5,10.7,111.2,12.15,103.5,8.18,2,NA,"",NA,NA,NA,NA
"653",4,12,"8/10/2022",5,10.7,111.3,12.15,103.5,8.17,2.2,NA,"",NA,NA,NA,NA
"654",4,12,"8/10/2022",6,NA,NA,NA,NA,NA,NA,NA,"",NA,NA,NA,NA
"655",4,12,"8/10/2022",7,NA,NA,NA,NA,NA,NA,NA,"",NA,NA,NA,NA
"656",4,12,"8/10/2022",8,NA,NA,NA,NA,NA,NA,NA,"",NA,NA,NA,NA
"657",4,12,"8/10/2022",9,NA,NA,NA,NA,NA,NA,NA,"",NA,NA,NA,NA
"658",4,13,"8/10/2022",0.5,11.3,110.4,11.93,102.7,8.3,0.6,NA,"",NA,NA,NA,NA
"659",4,13,"8/10/2022",1,9.8,110.7,12.34,102.5,8.25,0.8,NA,"",NA,NA,NA,NA
"660",4,13,"8/10/2022",1.5,9.8,110.4,12.41,102.5,8.23,0.9,NA,"",NA,NA,NA,NA
"661",4,13,"8/10/2022",2,9.3,110.7,12.5,102.3,8.22,0.9,NA,"",NA,NA,NA,NA
"662",4,13,"8/10/2022",2.5,8.9,110.8,12.63,102.3,8.2,1,NA,"",NA,NA,NA,NA
"663",4,13,"8/10/2022",3,8.8,111.2,12.7,102.2,8.2,1,NA,"",NA,NA,NA,NA
"664",4,13,"8/10/2022",3.5,8.8,111.6,12.74,102.2,8.2,1,NA,"",NA,NA,NA,NA
"665",4,13,"8/10/2022",4,8.8,111.6,12.75,102.2,8.2,1,NA,"",NA,NA,NA,NA
"666",4,13,"8/10/2022",4.5,NA,NA,NA,NA,NA,NA,NA,"",NA,NA,NA,NA
"667",4,13,"8/10/2022",5,NA,NA,NA,NA,NA,NA,NA,"",NA,NA,NA,NA
"668",4,13,"8/10/2022",6,NA,NA,NA,NA,NA,NA,NA,"",NA,NA,NA,NA
"669",4,13,"8/10/2022",7,NA,NA,NA,NA,NA,NA,NA,"",NA,NA,NA,NA
"670",4,13,"8/10/2022",8,NA,NA,NA,NA,NA,NA,NA,"",NA,NA,NA,NA
"671",4,13,"8/10/2022",9,NA,NA,NA,NA,NA,NA,NA,"",NA,NA,NA,NA
"672",4,14,"8/10/2022",0.5,14,111.6,11.39,104.8,8.38,0.7,NA,"",NA,NA,NA,NA
"673",4,14,"8/10/2022",1,13.6,111.2,11.43,104.6,8.37,0.7,NA,"",NA,NA,NA,NA
"674",4,14,"8/10/2022",1.5,13.3,111.7,11.49,103.5,8.36,0.7,NA,"",NA,NA,NA,NA
"675",4,14,"8/10/2022",2,13.1,111.8,11.54,103.5,8.35,0.8,NA,"",NA,NA,NA,NA
"676",4,14,"8/10/2022",2.5,13,111.7,11.59,103.4,8.35,0.7,NA,"",NA,NA,NA,NA
"677",4,14,"8/10/2022",3,12.6,111.7,11.69,103.3,8.33,0.8,NA,"",NA,NA,NA,NA
"678",4,14,"8/10/2022",3.5,12.5,112.1,11.74,103.3,8.32,0.8,NA,"",NA,NA,NA,NA
"679",4,14,"8/10/2022",4,12.4,111.9,11.75,103.3,8.32,0.8,NA,"",NA,NA,NA,NA
"680",4,14,"8/10/2022",4.5,12.3,112,11.77,103.2,8.32,0.8,NA,"",NA,NA,NA,NA
"681",4,14,"8/10/2022",5,12.3,112,11.77,103.2,8.33,0.7,NA,"",NA,NA,NA,NA
"682",4,14,"8/10/2022",6,12.3,111.7,11.78,103.2,8.33,0.8,NA,"",NA,NA,NA,NA
"683",4,14,"8/10/2022",7,12.1,112.3,11.88,103.1,8.34,0.9,NA,"",NA,NA,NA,NA
"684",4,14,"8/10/2022",8,NA,NA,NA,NA,NA,NA,NA,"",NA,NA,NA,NA
"685",4,14,"8/10/2022",9,NA,NA,NA,NA,NA,NA,NA,"",NA,NA,NA,NA
"686",4,15,"8/10/2022",0.5,17.1,109.9,10.5,105,8.47,0.9,NA,"",NA,NA,NA,NA
"687",4,15,"8/10/2022",1,16.4,110,10.62,105.1,8.47,0.9,NA,"",NA,NA,NA,NA
"688",4,15,"8/10/2022",1.5,15.6,110,10.86,104.1,8.48,0.7,NA,"",NA,NA,NA,NA
"689",4,15,"8/10/2022",2,14.8,112.3,11.21,103.3,8.47,0.7,NA,"",NA,NA,NA,NA
"690",4,15,"",2.5,NA,NA,NA,NA,NA,NA,NA,"",NA,NA,NA,NA
"691",4,15,"",3,NA,NA,NA,NA,NA,NA,NA,"",NA,NA,NA,NA
"692",4,15,"",3.5,NA,NA,NA,NA,NA,NA,NA,"",NA,NA,NA,NA
"693",4,15,"",4,NA,NA,NA,NA,NA,NA,NA,"",NA,NA,NA,NA
"694",4,15,"",4.5,NA,NA,NA,NA,NA,NA,NA,"",NA,NA,NA,NA
"695",4,15,"",5,NA,NA,NA,NA,NA,NA,NA,"",NA,NA,NA,NA
"696",4,15,"",6,NA,NA,NA,NA,NA,NA,NA,"",NA,NA,NA,NA
"697",4,15,"",7,NA,NA,NA,NA,NA,NA,NA,"",NA,NA,NA,NA
"698",4,15,"",8,NA,NA,NA,NA,NA,NA,NA,"",NA,NA,NA,NA
"699",4,15,"",9,NA,NA,NA,NA,NA,NA,NA,"",NA,NA,NA,NA
"700",5,1,"8/22/2022",0.5,18,86.6,8.02,114.3,8.4,1.6,NA,"Yellow boxes indicate low dissolved oxygen content levels from the sonde due to a calibration error. ",NA,NA,NA,NA
"701",5,1,"8/22/2022",1,17.8,86.3,8.05,113.8,8.38,1.2,NA,"",NA,NA,NA,NA
"702",5,1,"8/22/2022",1.5,17.5,86.7,8.12,112.6,8.4,1.1,NA,"",NA,NA,NA,NA
"703",5,1,"8/22/2022",2,17.4,86.8,8.14,112.2,8.41,1.1,NA,"",NA,NA,NA,NA
"704",5,1,"8/22/2022",2.5,17.3,86.3,8.14,112.5,8.42,1.2,NA,"",NA,NA,NA,NA
"705",5,1,"8/22/2022",3,17.3,86.3,8.13,112.8,8.41,1.2,NA,"",NA,NA,NA,NA
"706",5,1,"8/22/2022",3.5,17.3,86.4,8.12,112.8,8.41,1.4,NA,"",NA,NA,NA,NA
"707",5,1,"8/22/2022",4,17.2,86.1,8.11,113,8.4,1.5,NA,"",NA,NA,NA,NA
"708",5,1,"8/22/2022",4.5,17.2,85.8,8.08,113.6,8.39,1.6,NA,"",NA,NA,NA,NA
"709",5,1,"8/22/2022",5,17.2,85.5,8.05,113.9,8.38,1.8,NA,"",NA,NA,NA,NA
"710",5,1,"8/22/2022",6,17.1,85.5,8.06,114.5,8.37,4.5,NA,"",NA,NA,NA,NA
"711",5,1,"8/22/2022",7,NA,NA,NA,NA,NA,NA,NA,"",NA,NA,NA,NA
"712",5,1,"8/22/2022",8,NA,NA,NA,NA,NA,NA,NA,"",NA,NA,NA,NA
"713",5,1,"8/22/2022",9,NA,NA,NA,NA,NA,NA,NA,"",NA,NA,NA,NA
"714",5,2,"8/22/2022",0.5,18.9,87.6,7.97,116.5,8.42,1.5,NA,"",NA,NA,NA,NA
"715",5,2,"8/22/2022",1,18.8,87.3,7.96,116.3,8.4,1.5,NA,"",NA,NA,NA,NA
"716",5,2,"8/22/2022",1.5,18.3,86.9,8.02,114.8,8.41,1.5,NA,"",NA,NA,NA,NA
"717",5,2,"8/22/2022",2,17.9,86.7,8.07,113.6,8.4,1.8,NA,"",NA,NA,NA,NA
"718",5,2,"8/22/2022",2.5,17.6,86.6,8.09,113.3,8.39,2,NA,"",NA,NA,NA,NA
"719",5,2,"8/22/2022",3,17.5,86.3,8.08,113.4,8.39,2.1,NA,"",NA,NA,NA,NA
"720",5,2,"8/22/2022",3.5,17.4,86,8.04,114.4,8.38,4.5,NA,"",NA,NA,NA,NA
"721",5,2,"8/22/2022",4,NA,NA,NA,NA,NA,NA,NA,"",NA,NA,NA,NA
"722",5,2,"8/22/2022",4.5,NA,NA,NA,NA,NA,NA,NA,"",NA,NA,NA,NA
"723",5,2,"8/22/2022",5,NA,NA,NA,NA,NA,NA,NA,"",NA,NA,NA,NA
"724",5,2,"8/22/2022",6,NA,NA,NA,NA,NA,NA,NA,"",NA,NA,NA,NA
"725",5,2,"8/22/2022",7,NA,NA,NA,NA,NA,NA,NA,"",NA,NA,NA,NA
"726",5,2,"8/22/2022",8,NA,NA,NA,NA,NA,NA,NA,"",NA,NA,NA,NA
"727",5,2,"8/22/2022",9,NA,NA,NA,NA,NA,NA,NA,"",NA,NA,NA,NA
"728",5,3,"8/22/2022",0.5,17.7,86.9,8.1,111.9,8.43,4.1,NA,"",NA,NA,NA,NA
"729",5,3,"8/22/2022",1,17.6,86.6,8.1,112.4,8.4,4.5,NA,"",NA,NA,NA,NA
"730",5,3,"8/22/2022",1.5,17.4,86.4,8.09,112.5,8.39,5,NA,"",NA,NA,NA,NA
"731",5,3,"8/22/2022",2,17.4,86.2,8.09,112.6,8.38,5.3,NA,"",NA,NA,NA,NA
"732",5,3,"8/22/2022",2.5,17.4,86.2,8.09,112.6,8.38,5.4,NA,"",NA,NA,NA,NA
"733",5,3,"8/22/2022",3,17.3,86.2,8.08,112.6,8.38,5.8,NA,"",NA,NA,NA,NA
"734",5,3,"8/22/2022",3.5,17.4,86.1,8.09,112.6,8.38,5.3,NA,"",NA,NA,NA,NA
"735",5,3,"8/22/2022",4,17.4,86.2,8.09,112.7,8.37,5.7,NA,"",NA,NA,NA,NA
"736",5,3,"8/22/2022",4.5,NA,NA,NA,NA,NA,NA,NA,"",NA,NA,NA,NA
"737",5,3,"8/22/2022",5,NA,NA,NA,NA,NA,NA,NA,"",NA,NA,NA,NA
"738",5,3,"8/22/2022",6,NA,NA,NA,NA,NA,NA,NA,"",NA,NA,NA,NA
"739",5,3,"8/22/2022",7,NA,NA,NA,NA,NA,NA,NA,"",NA,NA,NA,NA
"740",5,3,"8/22/2022",8,NA,NA,NA,NA,NA,NA,NA,"",NA,NA,NA,NA
"741",5,3,"8/22/2022",9,NA,NA,NA,NA,NA,NA,NA,"",NA,NA,NA,NA
"742",5,4,"8/22/2022",0.5,17.4,87.8,8.23,107,8.36,5,NA,"",NA,NA,NA,NA
"743",5,4,"8/22/2022",1,17.4,87.9,8.24,107.9,8.38,6.4,NA,"",NA,NA,NA,NA
"744",5,4,"8/22/2022",1.5,17.4,87.4,8.2,108.9,8.38,7.7,NA,"",NA,NA,NA,NA
"745",5,4,"8/22/2022",2,17.3,86.8,8.16,109.9,8.39,9.2,NA,"",NA,NA,NA,NA
"746",5,4,"8/22/2022",2.5,17.2,86.5,8.16,109.9,8.39,9.5,NA,"",NA,NA,NA,NA
"747",5,4,"8/22/2022",3,17,86.3,8.16,109.9,8.4,9.7,NA,"",NA,NA,NA,NA
"748",5,4,"8/22/2022",3.5,17,86.4,8.17,109.8,8.4,10.5,NA,"",NA,NA,NA,NA
"749",5,4,"8/22/2022",4,17,86.3,8.17,109.8,8.4,10.2,NA,"",NA,NA,NA,NA
"750",5,4,"8/22/2022",4.5,17,86.3,8.16,109.8,8.4,11.2,NA,"",NA,NA,NA,NA
"751",5,4,"8/22/2022",5,NA,NA,NA,NA,NA,NA,NA,"",NA,NA,NA,NA
"752",5,4,"8/22/2022",6,NA,NA,NA,NA,NA,NA,NA,"",NA,NA,NA,NA
"753",5,4,"8/22/2022",7,NA,NA,NA,NA,NA,NA,NA,"",NA,NA,NA,NA
"754",5,4,"8/22/2022",8,NA,NA,NA,NA,NA,NA,NA,"",NA,NA,NA,NA
"755",5,4,"8/22/2022",9,NA,NA,NA,NA,NA,NA,NA,"",NA,NA,NA,NA
"756",5,5,"8/22/2022",0.5,18,88.2,8.17,106.5,8.36,0.5,NA,"",NA,NA,NA,NA
"757",5,5,"8/22/2022",1,17.9,88.2,8.19,106.6,8.38,0.5,NA,"",NA,NA,NA,NA
"758",5,5,"8/22/2022",1.5,17.6,88,8.426,106.2,8.4,0.6,NA,"",NA,NA,NA,NA
"759",5,5,"8/22/2022",2,17.4,88.5,8.31,105.9,8.41,0.7,NA,"",NA,NA,NA,NA
"760",5,5,"8/22/2022",2.5,17.4,88.4,8.31,105.7,8.41,1.2,NA,"",NA,NA,NA,NA
"761",5,5,"8/22/2022",3,16.7,88.3,8.51,104.5,8.42,1.9,NA,"",NA,NA,NA,NA
"762",5,5,"8/22/2022",3.5,16.2,89.2,8.58,104.4,8.41,1.9,NA,"",NA,NA,NA,NA
"763",5,5,"8/22/2022",4,16,89.1,8.62,104.1,8.41,1.9,NA,"",NA,NA,NA,NA
"764",5,5,"8/22/2022",4.5,15.7,89.6,8.7,104.1,8.41,1.9,NA,"",NA,NA,NA,NA
"765",5,5,"8/22/2022",5,NA,NA,NA,NA,NA,NA,NA,"",NA,NA,NA,NA
"766",5,5,"8/22/2022",6,NA,NA,NA,NA,NA,NA,NA,"",NA,NA,NA,NA
"767",5,5,"8/22/2022",7,NA,NA,NA,NA,NA,NA,NA,"",NA,NA,NA,NA
"768",5,5,"8/22/2022",8,NA,NA,NA,NA,NA,NA,NA,"",NA,NA,NA,NA
"769",5,5,"8/22/2022",9,NA,NA,NA,NA,NA,NA,NA,"",NA,NA,NA,NA
"770",5,6,"8/22/2022",0.5,17,89,8.44,104,8.29,0.9,NA,"",NA,NA,NA,NA
"771",5,6,"8/22/2022",1,17,89.7,8.49,104,8.33,0.8,NA,"",NA,NA,NA,NA
"772",5,6,"8/22/2022",1.5,16.8,89.8,8.53,104,8.36,0.7,NA,"",NA,NA,NA,NA
"773",5,6,"8/22/2022",2,16.8,89.9,8.54,104,8.37,0.7,NA,"",NA,NA,NA,NA
"774",5,6,"8/22/2022",2.5,16.8,89.9,8.55,104,8.38,0.7,NA,"",NA,NA,NA,NA
"775",5,6,"8/22/2022",3,16.7,89.9,8.55,104.2,8.38,0.7,NA,"",NA,NA,NA,NA
"776",5,6,"8/22/2022",3.5,16.7,88.4,8.53,106.8,8.36,1.5,NA,"",NA,NA,NA,NA
"777",5,6,"8/22/2022",4,NA,NA,NA,NA,NA,NA,NA,"",NA,NA,NA,NA
"778",5,6,"8/22/2022",4.5,NA,NA,NA,NA,NA,NA,NA,"",NA,NA,NA,NA
"779",5,6,"8/22/2022",5,NA,NA,NA,NA,NA,NA,NA,"",NA,NA,NA,NA
"780",5,6,"8/22/2022",6,NA,NA,NA,NA,NA,NA,NA,"",NA,NA,NA,NA
"781",5,6,"8/22/2022",7,NA,NA,NA,NA,NA,NA,NA,"",NA,NA,NA,NA
"782",5,6,"8/22/2022",8,NA,NA,NA,NA,NA,NA,NA,"",NA,NA,NA,NA
"783",5,6,"8/22/2022",9,NA,NA,NA,NA,NA,NA,NA,"",NA,NA,NA,NA
"784",5,7,"8/22/2022",0.5,15.9,89.2,8.64,104.7,8.33,1.3,NA,"",NA,NA,NA,NA
"785",5,7,"8/22/2022",1,15.8,89.7,8.7,104.7,8.34,1.3,NA,"",NA,NA,NA,NA
"786",5,7,"8/22/2022",1.5,15.7,90.4,8.81,104.8,8.36,1.6,NA,"",NA,NA,NA,NA
"787",5,7,"8/22/2022",2,15.7,90.8,8.83,105.1,8.38,1.8,NA,"",NA,NA,NA,NA
"788",5,7,"8/22/2022",2.5,15.6,91.1,8.86,105.1,8.38,1.9,NA,"",NA,NA,NA,NA
"789",5,7,"8/22/2022",3,NA,NA,NA,NA,NA,NA,NA,"",NA,NA,NA,NA
"790",5,7,"8/22/2022",3.5,NA,NA,NA,NA,NA,NA,NA,"",NA,NA,NA,NA
"791",5,7,"8/22/2022",4,NA,NA,NA,NA,NA,NA,NA,"",NA,NA,NA,NA
"792",5,7,"8/22/2022",4.5,NA,NA,NA,NA,NA,NA,NA,"",NA,NA,NA,NA
"793",5,7,"8/22/2022",5,NA,NA,NA,NA,NA,NA,NA,"",NA,NA,NA,NA
"794",5,7,"8/22/2022",6,NA,NA,NA,NA,NA,NA,NA,"",NA,NA,NA,NA
"795",5,7,"8/22/2022",7,NA,NA,NA,NA,NA,NA,NA,"",NA,NA,NA,NA
"796",5,7,"8/22/2022",8,NA,NA,NA,NA,NA,NA,NA,"",NA,NA,NA,NA
"797",5,7,"8/22/2022",9,NA,NA,NA,NA,NA,NA,NA,"",NA,NA,NA,NA
"798",5,8,"8/22/2022",0.5,16.8,88.4,8.41,109.3,8.02,2.1,NA,"",NA,NA,NA,NA
"799",5,8,"8/22/2022",1,16.6,89.2,8.55,106,7.95,1.4,NA,"",NA,NA,NA,NA
"800",5,8,"8/22/2022",1.5,16.2,89.2,8.59,105.2,7.92,1.1,NA,"",NA,NA,NA,NA
"801",5,8,"8/22/2022",2,16.1,89.1,8.62,105.1,7.9,1.1,NA,"",NA,NA,NA,NA
"802",5,8,"8/22/2022",2.5,15.9,89.2,8.64,105.1,7.85,1.1,NA,"",NA,NA,NA,NA
"803",5,8,"8/22/2022",3,15.9,89.3,8.65,105.1,7.84,1.2,NA,"",NA,NA,NA,NA
"804",5,8,"8/22/2022",3.5,15.8,89.3,8.66,105.3,7.83,1.3,NA,"",NA,NA,NA,NA
"805",5,8,"8/22/2022",4,15.8,89,8.63,106.2,7.83,2.2,NA,"",NA,NA,NA,NA
"806",5,8,"8/22/2022",4.5,15.6,88.2,8.5,107,7.82,2.5,NA,"",NA,NA,NA,NA
"807",5,8,"8/22/2022",5,15.5,87.8,8.59,107.2,7.81,2.6,NA,"",NA,NA,NA,NA
"808",5,8,"",6,NA,NA,NA,NA,NA,NA,NA,"",NA,NA,NA,NA
"809",5,8,"",7,NA,NA,NA,NA,NA,NA,NA,"",NA,NA,NA,NA
"810",5,8,"",8,NA,NA,NA,NA,NA,NA,NA,"",NA,NA,NA,NA
"811",5,8,"",9,NA,NA,NA,NA,NA,NA,NA,"",NA,NA,NA,NA
"812",5,9,"8/23/2022",0.5,17.6,109.4,10.23,106,7.75,0.8,NA,"",NA,NA,NA,NA
"813",5,9,"8/23/2022",1,17.4,109.6,10.3,106,8.07,0.9,NA,"",NA,NA,NA,NA
"814",5,9,"8/23/2022",1.5,17.2,109.8,10.33,106,8.22,0.8,NA,"",NA,NA,NA,NA
"815",5,9,"8/23/2022",2,17,109.4,10.33,105.9,8.26,0.8,NA,"",NA,NA,NA,NA
"816",5,9,"8/23/2022",2.5,16.9,109.5,10.35,105.9,8.28,0.8,NA,"",NA,NA,NA,NA
"817",5,9,"8/23/2022",3,16.9,109.3,10.35,105.9,8.28,0.9,NA,"",NA,NA,NA,NA
"818",5,9,"8/23/2022",3.5,16.8,109.2,10.35,105.9,8.28,0.9,NA,"",NA,NA,NA,NA
"819",5,9,"8/23/2022",4,16.7,108.4,10.34,106,8.28,1,NA,"",NA,NA,NA,NA
"820",5,9,"8/23/2022",4.5,16.5,108.2,10.33,106,8.27,1.1,NA,"",NA,NA,NA,NA
"821",5,9,"8/23/2022",5,16.2,108.1,10.38,106,8.27,5.3,NA,"",NA,NA,NA,NA
"822",5,10,"8/23/2022",0.5,18.8,108.5,9.87,106.2,8.33,0.4,NA,"",NA,NA,NA,NA
"823",5,10,"8/23/2022",1,18.6,108,9.88,106.3,8.4,0.4,NA,"",NA,NA,NA,NA
"824",5,10,"8/23/2022",1.5,18.3,108.1,9.95,106.2,8.43,0.4,NA,"",NA,NA,NA,NA
"825",5,10,"8/23/2022",2,18.1,108.6,10.04,106.1,8.45,0.4,NA,"",NA,NA,NA,NA
"826",5,10,"8/23/2022",2.5,17.9,108.7,10.09,106,8.46,0.4,NA,"",NA,NA,NA,NA
"827",5,10,"8/23/2022",3,17.7,108.9,10.14,105.9,8.45,0.5,NA,"",NA,NA,NA,NA
"828",5,10,"8/23/2022",3.5,17.6,109.1,10.16,105.9,8.45,0.5,NA,"",NA,NA,NA,NA
"829",5,10,"8/23/2022",4,17.6,109.1,10.17,105.9,8.46,0.5,NA,"",NA,NA,NA,NA
"830",5,10,"8/23/2022",4.5,17.6,109,10.18,105.9,8.47,0.5,NA,"",NA,NA,NA,NA
"831",5,10,"8/23/2022",5,17.65,109,10.18,105.9,8.47,0.5,NA,"",NA,NA,NA,NA
"832",5,11,"8/23/2022",0.5,18.4,106.2,9.85,105.9,8.42,0.3,NA,"",NA,NA,NA,NA
"833",5,11,"8/23/2022",1,17.6,107.9,10.08,105.8,8.46,0.4,NA,"",NA,NA,NA,NA
"834",5,11,"8/23/2022",1.5,17.5,108.2,10.11,105.7,8.47,0.4,NA,"",NA,NA,NA,NA
"835",5,11,"8/23/2022",2,17.3,108.6,10.2,105.5,8.47,0.4,NA,"",NA,NA,NA,NA
"836",5,11,"8/23/2022",2.5,16.9,108.6,10.27,105.4,8.47,0.4,NA,"",NA,NA,NA,NA
"837",5,11,"8/23/2022",3,16.9,109,10.3,105.4,8.47,0.4,NA,"",NA,NA,NA,NA
"838",5,11,"8/23/2022",3.5,16.8,108.5,10.29,105.4,8.47,0.4,NA,"",NA,NA,NA,NA
"839",5,11,"8/23/2022",4,16.6,109,10.37,105.3,8.48,0.4,NA,"",NA,NA,NA,NA
"840",5,11,"8/23/2022",4.5,16.2,108.9,10.45,105.1,8.47,0.5,NA,"",NA,NA,NA,NA
"841",5,11,"8/23/2022",5,16.2,109,10.47,105.1,8.47,0.5,NA,"",NA,NA,NA,NA
"842",5,11,"8/23/2022",6,16,109.3,10.53,105,8.47,0.6,NA,"",NA,NA,NA,NA
"843",5,12,"8/23/2022",0.5,18.9,105.7,9.63,105.5,8.47,0.2,NA,"",NA,NA,NA,NA
"844",5,12,"8/23/2022",1,18.8,107.5,9.78,105.7,8.47,0.3,NA,"",NA,NA,NA,NA
"845",5,12,"8/23/2022",1.5,18.7,107.7,9.83,105.7,8.49,0.3,NA,"",NA,NA,NA,NA
"846",5,12,"8/23/2022",2,18.6,107.6,9.84,105.9,8.5,0.3,NA,"",NA,NA,NA,NA
"847",5,12,"8/23/2022",2.5,18.3,108,9.93,106,8.5,0.3,NA,"",NA,NA,NA,NA
"848",5,12,"8/23/2022",3,18.2,108.2,9.96,105.9,8.49,0.4,NA,"",NA,NA,NA,NA
"849",5,12,"8/23/2022",3.5,18.2,108.3,9.98,105.9,8.49,0.4,NA,"",NA,NA,NA,NA
"850",5,12,"8/23/2022",4,18.1,108.3,10,105.9,8.49,0.3,NA,"",NA,NA,NA,NA
"851",5,12,"8/23/2022",4.5,18.1,108.4,10.01,105.9,8.49,0.4,NA,"",NA,NA,NA,NA
"852",5,12,"8/23/2022",5,18,108.6,10.04,105.9,8.49,0.9,NA,"",NA,NA,NA,NA
"853",5,13,"8/23/2022",0.5,19.3,110.7,9.96,106.7,8.41,0.5,NA,"",NA,NA,NA,NA
"854",5,13,"8/23/2022",1,19.3,111.3,10.02,106.8,8.41,0.5,NA,"",NA,NA,NA,NA
"855",5,13,"8/23/2022",1.5,19,110.7,10.08,106.7,8.42,0.5,NA,"",NA,NA,NA,NA
"856",5,13,"8/23/2022",2,18.7,111.1,10.15,106.7,8.42,0.6,NA,"",NA,NA,NA,NA
"857",5,13,"8/23/2022",2.5,18.3,110.8,10.19,106.3,8.43,0.5,NA,"",NA,NA,NA,NA
"858",5,13,"8/23/2022",3,17.8,110.4,10.26,106.3,8.44,0.6,NA,"",NA,NA,NA,NA
"859",5,13,"8/23/2022",3.5,17.8,110.8,10.32,106.3,8.44,0.7,NA,"",NA,NA,NA,NA
"860",5,13,"8/23/2022",4,17.7,111.4,10.37,106.2,8.44,0.9,NA,"",NA,NA,NA,NA
"861",5,14,"8/23/2022",0.5,19.4,109.1,9.83,106.6,8.48,0.4,NA,"",NA,NA,NA,NA
"862",5,14,"8/23/2022",1,19.3,109.8,9.9,106.7,8.45,0.4,NA,"",NA,NA,NA,NA
"863",5,14,"8/23/2022",1.5,19.2,110,9.93,106.7,8.44,0.4,NA,"",NA,NA,NA,NA
"864",5,14,"8/23/2022",2,19.1,110.1,9.95,106.8,8.43,0.4,NA,"",NA,NA,NA,NA
"865",5,14,"8/23/2022",2.5,19.1,110.2,9.95,106.8,8.43,0.4,NA,"",NA,NA,NA,NA
"866",5,14,"8/23/2022",3,19.1,110.1,9.96,106.7,8.43,0.4,NA,"",NA,NA,NA,NA
"867",5,14,"8/23/2022",3.5,19.1,110.1,9.96,106.8,8.43,0.4,NA,"",NA,NA,NA,NA
"868",5,14,"8/23/2022",4,19.1,110.2,9.97,106.8,8.42,0.4,NA,"",NA,NA,NA,NA
"869",5,14,"8/23/2022",4.5,19,110.4,10.03,106.7,8.44,0.4,NA,"",NA,NA,NA,NA
"870",5,14,"8/23/2022",5,18.8,110,10.08,107.2,8.47,0.6,NA,"",NA,NA,NA,NA
"871",5,14,"8/23/2022",6,18.4,113.1,10.38,106.9,8.51,0.6,NA,"",NA,NA,NA,NA
"872",5,15,"8/23/2022",0.5,18.6,107.1,9.83,106.2,8.44,0.4,NA,"",NA,NA,NA,NA
"873",5,15,"8/23/2022",1,18.1,108.9,10.07,106.3,8.46,0.4,NA,"",NA,NA,NA,NA
"874",5,15,"8/23/2022",1.5,17.9,109.5,10.18,106.3,8.45,0.5,NA,"",NA,NA,NA,NA
"875",5,15,"8/23/2022",2,17.8,109.7,10.19,106.3,8.44,0.5,NA,"",NA,NA,NA,NA
"876",5,15,"8/23/2022",2.5,17.8,109.8,10.21,106.4,8.44,0.6,NA,"",NA,NA,NA,NA
"877",5,15,"8/23/2022",3,17.7,111.3,10.36,106.4,8.47,1.1,NA,"",NA,NA,NA,NA
"878",5,15,"8/23/2022",3.5,17.7,111.6,10.38,106.4,8.48,1.5,NA,"",NA,NA,NA,NA
"879",6,3,"9/6/2022",0.5,16.5,106.4,10.19,106.8,8.43,1.6,NA,"",NA,NA,NA,NA
"880",6,3,"9/6/2022",1,16.4,106.3,10.21,107.1,8.4,1.8,NA,"",NA,NA,NA,NA
"881",6,3,"9/6/2022",1.5,16.4,106.5,10.22,107.2,8.4,1.9,NA,"",NA,NA,NA,NA
"882",6,3,"9/6/2022",2,16.4,106.4,10.22,107.2,8.4,2,NA,"",NA,NA,NA,NA
"883",6,3,"9/6/2022",2.5,16.4,106.3,10.21,107.4,8.4,2.7,NA,"",NA,NA,NA,NA
"884",6,3,"9/6/2022",3,16.3,105.9,10.14,108.5,8.39,6.6,NA,"",NA,NA,NA,NA
"885",6,3,"9/6/2022",3.5,16.2,105.3,10.14,110.3,8.41,14.7,NA,"",NA,NA,NA,NA
"886",6,5,"9/6/2022",0.5,16.2,105.9,10.21,108.6,7.72,4.2,NA,"",NA,NA,NA,NA
"887",6,5,"9/6/2022",1,16.2,105.7,10.2,108.8,7.97,5.2,NA,"",NA,NA,NA,NA
"888",6,5,"9/6/2022",1.5,16.1,105.7,10.21,109.3,8.14,8.6,NA,"",NA,NA,NA,NA
"889",6,5,"9/6/2022",2,16,105.4,10.2,109.8,8.27,10.6,NA,"",NA,NA,NA,NA
"890",6,5,"9/6/2022",2.5,16,105.3,10.2,109.8,8.33,10.7,NA,"",NA,NA,NA,NA
"891",6,5,"9/6/2022",3,16,105.2,10.19,110,8.37,11.4,NA,"",NA,NA,NA,NA
"892",6,5,"9/6/2022",3.5,15.9,105,10.19,110.1,8.4,12.1,NA,"",NA,NA,NA,NA
"893",6,5,"9/6/2022",4,15.8,105,10.2,110,8.41,13,NA,"",NA,NA,NA,NA
"894",6,5,"9/6/2022",4.5,15.7,104.7,10.21,110.1,8.42,25.7,NA,"",NA,NA,NA,NA
"895",6,6,"9/6/2022",0.5,15.8,105.7,10.27,108.9,8.28,2.6,NA,"",NA,NA,NA,NA
"896",6,6,"9/6/2022",1,15.8,105.6,10.27,109,8.31,2.8,NA,"",NA,NA,NA,NA
"897",6,6,"9/6/2022",1.5,15.6,105.5,10.31,109,8.35,3.2,NA,"",NA,NA,NA,NA
"898",6,6,"9/6/2022",2,15.6,105.6,10.3,109,8.37,3.2,NA,"",NA,NA,NA,NA
"899",6,6,"9/6/2022",2.5,15.5,105.5,10.31,109,8.38,3.6,NA,"",NA,NA,NA,NA
"900",6,6,"9/6/2022",3,15.4,105.2,10.32,109,8.39,4.4,NA,"",NA,NA,NA,NA
"901",6,6,"9/6/2022",3.5,15.2,105.3,10.37,108.9,8.38,4.4,NA,"",NA,NA,NA,NA
"902",6,6,"9/6/2022",4,15.2,105,10.35,109,8.38,5.4,NA,"",NA,NA,NA,NA
"903",6,6,"9/6/2022",4.5,15,104.7,10.38,109.1,8.38,8.2,NA,"",NA,NA,NA,NA
"904",6,6,"9/6/2022",5,14.5,103.6,10.53,109.8,8.38,18.5,NA,"",NA,NA,NA,NA
"905",6,7,"9/6/2022",0.5,13.1,103.6,10.8,107.4,6.91,7.7,NA,"",NA,NA,NA,NA
"906",6,7,"9/6/2022",1,12.4,104.9,11.01,107.4,7.18,8.6,NA,"",NA,NA,NA,NA
"907",6,7,"9/6/2022",1.5,12.1,105,11,107.3,7.28,8.8,NA,"",NA,NA,NA,NA
"908",6,7,"9/6/2022",2,11.9,105,11.12,107.3,7.33,8.8,NA,"",NA,NA,NA,NA
"909",6,7,"9/6/2022",2.5,11.8,104.9,11.13,107.3,7.36,9,NA,"",NA,NA,NA,NA
"910",6,7,"9/6/2022",3,11.8,104.9,11.16,107.3,7.4,9.1,NA,"",NA,NA,NA,NA
"911",6,7,"9/6/2022",3.5,11.8,105.1,11.17,107.3,7.44,9.1,NA,"",NA,NA,NA,NA
"912",6,7,"9/6/2022",4,11.7,104.9,11.17,107.3,7.4,10.9,NA,"",NA,NA,NA,NA
"913",6,7,"9/6/2022",4.5,11.6,104.9,11.18,107.2,7.51,18.9,NA,"",NA,NA,NA,NA
"914",6,8,"9/7/2022",0.5,15.9,102.9,10.02,108.1,7.18,2.6,NA,"",NA,NA,NA,NA
"915",6,8,"9/7/2022",1,15.8,103.5,10.08,108.2,7.83,2.5,NA,"",NA,NA,NA,NA
"916",6,8,"9/7/2022",1.5,15.8,103.6,10.08,108.5,7.9,2.5,NA,"",NA,NA,NA,NA
"917",6,8,"9/7/2022",2,15.8,103.6,10.09,108.7,7.94,2.5,NA,"",NA,NA,NA,NA
"918",6,8,"9/7/2022",2.5,15.8,103.5,10.08,108.7,7.96,2.6,NA,"",NA,NA,NA,NA
"919",6,8,"9/7/2022",3,15.8,103.4,10.08,108.2,7.98,2.8,NA,"",NA,NA,NA,NA
"920",6,8,"9/7/2022",3.5,15.6,103.3,10.11,108,8,3,NA,"",NA,NA,NA,NA
"921",6,8,"9/7/2022",4,15.6,103.1,10.1,108.3,8,3.2,NA,"",NA,NA,NA,NA
"922",6,8,"9/7/2022",4.5,15.5,102.8,10.08,108.7,7.99,3.3,NA,"",NA,NA,NA,NA
"923",6,8,"9/7/2022",5,15.4,102.4,10.06,108.5,7.99,3.7,NA,"",NA,NA,NA,NA
"924",6,8,"9/7/2022",6,15.3,101.8,10.04,108.4,7.98,8,NA,"",NA,NA,NA,NA
"925",6,9,"9/7/2022",0.5,14.6,104.2,10.44,106.9,7.47,2.1,NA,"",NA,NA,NA,NA
"926",6,9,"9/7/2022",1,14.5,104.5,10.48,107,7.72,2,NA,"",NA,NA,NA,NA
"927",6,9,"9/7/2022",1.5,14.4,104.5,10.5,106.9,7.85,2.1,NA,"",NA,NA,NA,NA
"928",6,9,"9/7/2022",2,14.3,104.6,10.53,106.9,7.98,2.2,NA,"",NA,NA,NA,NA
"929",6,9,"9/7/2022",2.5,14.3,104.7,10.54,106.9,8.1,2.1,NA,"",NA,NA,NA,NA
"930",6,9,"9/7/2022",3,14.3,104.7,10.55,106.9,8.16,2.1,NA,"",NA,NA,NA,NA
"931",6,9,"9/7/2022",3.5,14.3,104.7,10.55,106.9,8.19,2.2,NA,"",NA,NA,NA,NA
"932",6,9,"9/7/2022",4,14.3,104.6,10.55,106.9,8.22,2.3,NA,"",NA,NA,NA,NA
"933",6,9,"9/7/2022",4.5,14.2,104.6,10.55,106.9,8.24,2.3,NA,"",NA,NA,NA,NA
"934",6,9,"9/7/2022",5,14.2,104.6,10.56,106.9,8.24,2.2,NA,"",NA,NA,NA,NA
"935",6,9,"9/7/2022",6,14.2,104.5,10.55,106.9,8.24,2.2,NA,"",NA,NA,NA,NA
"936",6,10,"9/7/2022",0.5,12.8,105.2,10.95,105.9,7.97,1.9,NA,"",NA,NA,NA,NA
"937",6,10,"9/7/2022",1,12.7,104.9,10.97,105.8,8.09,2.1,NA,"",NA,NA,NA,NA
"938",6,10,"9/7/2022",1.5,12.1,105.1,11.15,105.5,8.12,2.3,NA,"",NA,NA,NA,NA
"939",6,10,"9/7/2022",2,11.1,105.1,11.38,105.1,8.13,2.4,NA,"",NA,NA,NA,NA
"940",6,10,"9/7/2022",2.5,11,105.2,11.42,105,8.12,2.4,NA,"",NA,NA,NA,NA
"941",6,10,"9/7/2022",3,11,105.3,11.41,105.1,8.11,2.3,NA,"",NA,NA,NA,NA
"942",6,10,"9/7/2022",3.5,11.1,105.5,11.41,105.1,8.13,2.3,NA,"",NA,NA,NA,NA
"943",6,10,"9/7/2022",4,11.2,105.4,11.39,105.1,8.13,2.2,NA,"",NA,NA,NA,NA
"944",6,10,"9/7/2022",4.5,11.2,105.4,11.4,105.1,8.12,2.4,NA,"",NA,NA,NA,NA
"945",6,10,"9/7/2022",5,11.2,105.6,11.4,105.5,8.11,2.2,NA,"",NA,NA,NA,NA
"946",6,11,"9/7/2022",0.5,13.1,103.1,10.72,106,8.07,2.3,NA,"",NA,NA,NA,NA
"947",6,11,"9/7/2022",1,12.9,104.5,10.95,105.8,8.13,2,NA,"",NA,NA,NA,NA
"948",6,11,"9/7/2022",1.5,12.4,104.8,11.06,105.6,8.17,2.2,NA,"",NA,NA,NA,NA
"949",6,11,"9/7/2022",2,11.9,105.1,11.18,105.4,8.18,2.3,NA,"",NA,NA,NA,NA
"950",6,11,"9/7/2022",2.5,11.3,104.8,11.32,105.1,8.19,2.2,NA,"",NA,NA,NA,NA
"951",6,11,"9/7/2022",3,11.3,105.5,11.37,105,8.19,2.1,NA,"",NA,NA,NA,NA
"952",6,11,"9/7/2022",3.5,11.1,105.3,11.4,104.9,8.18,2.2,NA,"",NA,NA,NA,NA
"953",6,11,"9/7/2022",4,11.1,105.6,11.42,105,8.18,2.1,NA,"",NA,NA,NA,NA
"954",6,11,"9/7/2022",4.5,11,105.4,11.43,105,8.18,2.1,NA,"",NA,NA,NA,NA
"955",6,11,"9/7/2022",5,10.9,105.5,11.46,104.9,8.18,2.1,NA,"",NA,NA,NA,NA
"956",6,11,"9/7/2022",6,10.9,105.5,11.47,104.9,8.18,2.2,NA,"",NA,NA,NA,NA
"957",6,11,"9/7/2022",7,10.8,105.4,11.49,104.9,8.18,2.5,NA,"",NA,NA,NA,NA
"958",6,11,"9/7/2022",8,10.8,105.6,11.49,104.9,8.18,2.4,NA,"",NA,NA,NA,NA
"959",6,12,"9/7/2022",0.5,6.7,104.6,12.58,103.1,7.92,1.2,NA,"",NA,NA,NA,NA
"960",6,12,"9/7/2022",1,6.6,104.1,12.62,103.1,7.99,1.2,NA,"",NA,NA,NA,NA
"961",6,12,"9/7/2022",1.5,6.4,104,12.64,103.1,8.02,1.1,NA,"",NA,NA,NA,NA
"962",6,12,"9/7/2022",2,6.3,104.3,12.66,103.2,8.04,1.2,NA,"",NA,NA,NA,NA
"963",6,12,"9/7/2022",2.5,6.3,104.1,12.66,103.2,8.07,1.2,NA,"",NA,NA,NA,NA
"964",6,12,"9/7/2022",3,6.2,104.1,12.68,103.2,8.07,1.2,NA,"",NA,NA,NA,NA
"965",6,12,"9/7/2022",3.5,6.2,104.2,12.68,103.2,8.07,1.2,NA,"",NA,NA,NA,NA
"966",6,12,"9/7/2022",4,6.3,104.2,12.68,103.2,8.09,1.2,NA,"",NA,NA,NA,NA
"967",6,12,"9/7/2022",4.5,6.3,104.3,12.68,103.2,8.09,1.2,NA,"",NA,NA,NA,NA
"968",6,12,"9/7/2022",5,6.3,104.3,12.68,103.2,8.08,1.2,NA,"",NA,NA,NA,NA
"969",6,13,"9/7/2022",0.5,13.1,108.6,11.07,104.6,8.1,0.7,NA,"",NA,NA,NA,NA
"970",6,13,"9/7/2022",1,10.3,107.3,11.91,103.6,8.14,1.2,NA,"",NA,NA,NA,NA
"971",6,13,"9/7/2022",1.5,10,107.6,11.97,103.6,8.13,0.9,NA,"",NA,NA,NA,NA
"972",6,13,"9/7/2022",2,8.7,106.2,12.2,103.4,8.13,0.9,NA,"",NA,NA,NA,NA
"973",6,13,"9/7/2022",2.5,8.4,105.6,12.27,103.5,8.13,1,NA,"",NA,NA,NA,NA
"974",6,13,"9/7/2022",3,7.5,105.2,12.47,103.3,8.13,0.9,NA,"",NA,NA,NA,NA
"975",6,13,"9/7/2022",3.5,7.2,105.4,12.55,103.2,8.12,1.1,NA,"",NA,NA,NA,NA
"976",6,14,"9/7/2022",0.5,16.5,104.7,10.07,105.6,8.42,0.4,NA,"",NA,NA,NA,NA
"977",6,14,"9/7/2022",1,16.7,104.8,10.06,105.6,8.44,0.3,NA,"",NA,NA,NA,NA
"978",6,14,"9/7/2022",1.5,16.7,104.7,10.08,105.5,8.47,0.4,NA,"",NA,NA,NA,NA
"979",6,14,"9/7/2022",2,16.7,104.5,10.07,105.5,8.47,0.3,NA,"",NA,NA,NA,NA
"980",6,14,"9/7/2022",2.5,16,104.2,10.14,104.7,8.47,0.3,NA,"",NA,NA,NA,NA
"981",6,14,"9/7/2022",3,15.6,104.4,10.27,105.1,8.46,0.4,NA,"",NA,NA,NA,NA
"982",6,14,"9/7/2022",3.5,15.4,104.6,10.34,104.6,8.45,0.4,NA,"",NA,NA,NA,NA
"983",6,14,"9/7/2022",4,13.8,104.4,10.65,105.1,8.44,0.6,NA,"",NA,NA,NA,NA
"984",6,14,"9/7/2022",4.5,13.5,105.9,11.03,104.4,8.37,0.7,NA,"",NA,NA,NA,NA
"985",6,14,"9/7/2022",5,13.5,105.9,10.94,104.7,8.37,0.7,NA,"",NA,NA,NA,NA
"986",6,14,"9/7/2022",6,13.2,105,10.98,104.3,8.36,0.8,NA,"",NA,NA,NA,NA
"987",6,15,"9/7/2022",0.5,15.9,103.8,10.12,104.4,8,0.4,NA,"",NA,NA,NA,NA
"988",6,15,"9/7/2022",1,15.8,104.9,10.26,104.4,8.11,0.4,NA,"",NA,NA,NA,NA
"989",6,15,"9/7/2022",1.5,15.6,105.4,10.35,104.4,8.27,0.5,NA,"",NA,NA,NA,NA
"990",6,15,"9/7/2022",2,15.2,105.5,10.43,104.4,8.33,0.5,NA,"",NA,NA,NA,NA
"991",6,15,"9/7/2022",2.5,NA,NA,NA,NA,NA,NA,NA,"",NA,NA,NA,NA
"992",6,15,"9/7/2022",3,NA,NA,NA,NA,NA,NA,NA,"",NA,NA,NA,NA
"993",6,15,"9/7/2022",3.5,NA,NA,NA,NA,NA,NA,NA,"",NA,NA,NA,NA
"994",6,15,"9/7/2022",4,NA,NA,NA,NA,NA,NA,NA,"",NA,NA,NA,NA
"995",6,15,"9/7/2022",4.5,NA,NA,NA,NA,NA,NA,NA,"",NA,NA,NA,NA
"996",6,15,"9/7/2022",5,NA,NA,NA,NA,NA,NA,NA,"",NA,NA,NA,NA
"997",6,15,"9/7/2022",6,NA,NA,NA,NA,NA,NA,NA,"",NA,NA,NA,NA
"998",6,15,"9/7/2022",7,NA,NA,NA,NA,NA,NA,NA,"",NA,NA,NA,NA
"999",6,15,"9/7/2022",8,NA,NA,NA,NA,NA,NA,NA,"",NA,NA,NA,NA
"1000",6,15,"9/7/2022",9,NA,NA,NA,NA,NA,NA,NA,"",NA,NA,NA,NA
